{
    "total_return": -0.2968779164253469,
    "annualized_return": -0.5608042459926569,
    "cagr": -0.5608042459926569,
    "annualized_volatility": 0.15787845871209188,
    "sharpe_ratio": -5.132340918634485,
    "sortino_ratio": -0.08563743546419604,
    "calmar_ratio": -1.867064530157013,
    "max_drawdown": 0.3003668255352135,
    "average_drawdown": 0.1730153702540813,
    "longest_drawdown": 2585,
    "final_capital": 7030.104494168099,
    "peak_capital": 10048.27208136045,
    "minimum_capital": 7030.104494168099,
    "number_of_trades": 2541,
    "win_rate": 0.0003935458480913026,
    "average_win": 13.11366478783561,
    "average_loss": 764.7585992132808,
    "profit_factor": 6.761615326136058e-06,
    "expectancy": -764.4524708134378
}