{
    "total_return": -0.2997983029714886,
    "annualized_return": -0.599274760316191,
    "cagr": -0.599274760316191,
    "annualized_volatility": 0.15110668009059278,
    "sharpe_ratio": -5.9758068167815095,
    "sortino_ratio": -0.09885848390236067,
    "calmar_ratio": -1.9975024761420328,
    "max_drawdown": 0.3000120237515938,
    "average_drawdown": 0.17341873541881858,
    "longest_drawdown": 2355,
    "final_capital": 7000.616916816944,
    "peak_capital": 10001.053095707204,
    "minimum_capital": 7000.616916816944,
    "number_of_trades": 2356,
    "win_rate": 0.0,
    "average_win": 0.0,
    "average_loss": 860.7215211207309,
    "profit_factor": 0.0,
    "expectancy": -860.7215211207309
}