{
    "total_return": -0.047518182509236784,
    "annualized_return": -0.06696557875993248,
    "cagr": -0.06696557875993259,
    "annualized_volatility": 0.14198678256737304,
    "sharpe_ratio": -0.41715863839858885,
    "sortino_ratio": -0.005961934319697321,
    "calmar_ratio": -0.44947381850649587,
    "max_drawdown": 0.14898660612189735,
    "average_drawdown": 0.06913807797316432,
    "longest_drawdown": 3876,
    "final_capital": 9523.211668267228,
    "peak_capital": 10376.425561678912,
    "minimum_capital": 8830.477133567869,
    "number_of_trades": 935,
    "number_of_closing_trades": 361,
    "win_rate": 0.49584487534626037,
    "average_win": 22.876235764956988,
    "average_loss": 21.318286045822532,
    "profit_factor": 1.0553923006419825,
    "expectancy": 0.5953411124310222
}