{
    "total_return": -0.2926348626736661,
    "annualized_return": -0.6372275581089557,
    "cagr": -0.6372275581089557,
    "annualized_volatility": 0.21811013018414216,
    "sharpe_ratio": -4.539293938142971,
    "sortino_ratio": -0.06493478679689085,
    "calmar_ratio": -2.1044958260297535,
    "max_drawdown": 0.3027934530576477,
    "average_drawdown": 0.14036139335799927,
    "longest_drawdown": 1596,
    "final_capital": 7073.31457647058,
    "peak_capital": 10145.221107706306,
    "minimum_capital": 7073.31457647058,
    "number_of_trades": 1205,
    "number_of_closing_trades": 458,
    "win_rate": 0.4868995633187773,
    "average_win": 16.1579132943246,
    "average_loss": 24.386486404277107,
    "profit_factor": 0.6287428252664198,
    "expectancy": -4.645435896005967
}