{
    "breaker_rate": 0.3333333333333333,
    "group_name": "optuna_trial_0007",
    "overrides": {
        "env.max_drawdown": 0.24316731228971716,
        "portfolio.short.leverage": 3.3793129799135957,
        "portfolio.short.maintenance_margin_ratio": 0.06376191382826392,
        "ppo.batch_size": 64,
        "ppo.clip_range": 0.12709840943101758,
        "ppo.ent_coef": 0.006822554103755774,
        "ppo.gae_lambda": 0.9451231401759078,
        "ppo.gamma": 0.9605792034809247,
        "ppo.learning_rate": 1.574113604480522e-05,
        "ppo.vf_coef": 0.7128499232100104,
        "reward.drawdown_penalty_scale": 0.10143973935102002,
        "reward.overtrade_penalty_scale": 0.00011512391376962431,
        "reward.sharpe_weight": 0.11358866574666676
    },
    "per_seed": [
        {
            "annualized_return": -0.19330435306555815,
            "annualized_volatility": 0.1472497743356336,
            "average_drawdown": 0.14579649600729894,
            "average_loss": 9.043865258525475,
            "average_win": 9.475103298891213,
            "breaker_hit": false,
            "cagr": -0.19330435306555815,
            "calmar_ratio": -0.8648606582084062,
            "expectancy": -1.0141562355830827,
            "experiment_dir": "C:\\Users\\Jalaj\\OneDrive\\Desktop\\project_draft\\warlock\\experiments\\ppo_baseline\\20260720_074002_pid13444_5c4cd4",
            "final_capital": 8598.66179692999,
            "longest_drawdown": 3852,
            "max_drawdown": 0.22350924536907013,
            "minimum_capital": 8306.626502574616,
            "number_of_closing_trades": 768,
            "number_of_trades": 1827,
            "peak_capital": 10697.65023348256,
            "profit_factor": 0.8020193503340408,
            "seed": 44,
            "sharpe_ratio": -1.3850891280953348,
            "sortino_ratio": -0.01904722658734049,
            "total_return": -0.14004707174016717,
            "win_rate": 0.43359375
        },
        {
            "annualized_return": -0.18096392885921253,
            "annualized_volatility": 0.07885369302103103,
            "average_drawdown": 0.04136946945840345,
            "average_loss": 7.428864598685669,
            "average_win": 6.572758925290046,
            "breaker_hit": false,
            "cagr": -0.18096392885921264,
            "calmar_ratio": -1.2843551446022425,
            "expectancy": -2.154280394448242,
            "experiment_dir": "C:\\Users\\Jalaj\\OneDrive\\Desktop\\project_draft\\warlock\\experiments\\ppo_baseline\\20260720_084922_pid13444_b3b217",
            "final_capital": 8690.965112434813,
            "longest_drawdown": 4212,
            "max_drawdown": 0.1408986678020868,
            "minimum_capital": 8626.592113916093,
            "number_of_closing_trades": 438,
            "number_of_trades": 1031,
            "peak_capital": 10041.413964341013,
            "profit_factor": 0.5347447850779394,
            "seed": 53,
            "sharpe_ratio": -2.4920556677505417,
            "sortino_ratio": -0.030515815991232927,
            "total_return": -0.13082805678445808,
            "win_rate": 0.3767123287671233
        },
        {
            "annualized_return": -0.30485962289027024,
            "annualized_volatility": 0.14225888385102933,
            "average_drawdown": 0.0639567656419376,
            "average_loss": 14.980259581333613,
            "average_win": 19.045094505334223,
            "breaker_hit": true,
            "cagr": -0.30485962289027024,
            "calmar_ratio": -1.2506057208552552,
            "expectancy": -0.5832546120065611,
            "experiment_dir": "C:\\Users\\Jalaj\\OneDrive\\Desktop\\project_draft\\warlock\\experiments\\ppo_baseline\\20260720_085959_pid13444_048dce",
            "final_capital": 7852.04703609812,
            "longest_drawdown": 2892,
            "max_drawdown": 0.24376957326069568,
            "minimum_capital": 7852.04703609812,
            "number_of_closing_trades": 787,
            "number_of_trades": 2083,
            "peak_capital": 10383.140850275468,
            "profit_factor": 0.9325071570283653,
            "seed": 7,
            "sharpe_ratio": -2.4855285973020047,
            "sortino_ratio": -0.04293051990946038,
            "total_return": -0.21452420282733453,
            "win_rate": 0.42312579415501905
        }
    ],
    "pruned": false,
    "seeds": [
        44,
        53,
        7
    ],
    "sharpe_ratio": {
        "max": -1.3850891280953348,
        "mean": -2.120891131049294,
        "median": -2.4855285973020047,
        "min": -2.4920556677505417,
        "std": 0.5202974093890618
    },
    "timesteps": null,
    "total_return": {
        "max": -0.13082805678445808,
        "mean": -0.16179977711731994,
        "median": -0.14004707174016717,
        "min": -0.21452420282733453,
        "std": 0.0374712899789206
    }
}