{
    "breaker_rate": 0.3333333333333333,
    "group_name": "optuna_trial_0015",
    "overrides": {
        "env.max_drawdown": 0.3726292693174832,
        "portfolio.short.leverage": 3.7355056392310715,
        "portfolio.short.maintenance_margin_ratio": 0.09585142227427682,
        "ppo.batch_size": 64,
        "ppo.clip_range": 0.2292777739968359,
        "ppo.ent_coef": 0.0033946881370296787,
        "ppo.gae_lambda": 0.9544371803150343,
        "ppo.gamma": 0.980343134047463,
        "ppo.learning_rate": 0.00028501452070561295,
        "ppo.n_steps": 4096,
        "ppo.vf_coef": 0.308108796821056,
        "reward.drawdown_penalty_scale": 0.10719036265311613,
        "reward.overtrade_penalty_scale": 0.0050549077786963175,
        "reward.sharpe_weight": 0.08395122010818581
    },
    "per_seed": [
        {
            "annualized_return": -0.6732787150981844,
            "annualized_volatility": 0.3308069520814545,
            "average_drawdown": 0.17370582507506677,
            "average_loss": 76.63873905292074,
            "average_win": 85.39531503229378,
            "breaker_hit": true,
            "cagr": -0.6732787150981845,
            "calmar_ratio": -1.805580355969867,
            "expectancy": -14.583143871349222,
            "experiment_dir": "/teamspace/studios/this_studio/warlock/experiments/ppo_baseline/20260719_232337",
            "final_capital": 6557.914589261261,
            "longest_drawdown": 1887,
            "max_drawdown": 0.3728877049819989,
            "minimum_capital": 6557.914589261261,
            "number_of_closing_trades": 188,
            "number_of_trades": 916,
            "peak_capital": 10457.321027445361,
            "profit_factor": 0.6916083079620301,
            "seed": 77,
            "sharpe_ratio": -3.2155871651633947,
            "sortino_ratio": -0.049835071883461805,
            "total_return": -0.3440773893314809,
            "win_rate": 0.3829787234042553
        },
        {
            "annualized_return": -0.37063568332494234,
            "annualized_volatility": 0.11530285240159402,
            "average_drawdown": 0.08926795084318409,
            "average_loss": 12.796604513838284,
            "average_win": 13.761671049038874,
            "breaker_hit": false,
            "cagr": -0.37063568332494234,
            "calmar_ratio": -1.3324021085316755,
            "expectancy": -1.7673079106561769,
            "experiment_dir": "/teamspace/studios/this_studio/warlock/experiments/ppo_baseline/20260719_232432",
            "final_capital": 7222.428636210473,
            "longest_drawdown": 4238,
            "max_drawdown": 0.2781710423239931,
            "minimum_capital": 7222.428636210473,
            "number_of_closing_trades": 785,
            "number_of_trades": 1945,
            "peak_capital": 10005.734127740912,
            "profit_factor": 0.7638029633722747,
            "seed": 123,
            "sharpe_ratio": -3.9582084409976592,
            "sortino_ratio": -0.0574075061975832,
            "total_return": -0.2776416843826758,
            "win_rate": 0.4152866242038217
        },
        {
            "annualized_return": -0.2829369725981251,
            "annualized_volatility": 0.26439250356028227,
            "average_drawdown": 0.2095977356625341,
            "average_loss": 54.35873024148594,
            "average_win": 79.61872532112814,
            "breaker_hit": false,
            "cagr": -0.2829369725981252,
            "calmar_ratio": -0.8282345569919254,
            "expectancy": -3.725109911802356,
            "experiment_dir": "/teamspace/studios/this_studio/warlock/experiments/ppo_baseline/20260719_232844",
            "final_capital": 7915.679796154443,
            "longest_drawdown": 3855,
            "max_drawdown": 0.3416145465189561,
            "minimum_capital": 6748.681979713934,
            "number_of_closing_trades": 299,
            "number_of_trades": 1970,
            "peak_capital": 10250.350982136699,
            "profit_factor": 0.8898389588207236,
            "seed": 73,
            "sharpe_ratio": -1.1256679918944115,
            "sortino_ratio": -0.01793185206606998,
            "total_return": -0.2083262953666778,
            "win_rate": 0.3779264214046823
        }
    ],
    "seeds": [
        77,
        123,
        73
    ],
    "sharpe_ratio": {
        "max": -1.1256679918944115,
        "mean": -2.7664878660184886,
        "median": -3.2155871651633947,
        "min": -3.9582084409976592,
        "std": 1.1991911119085903
    },
    "timesteps": null,
    "total_return": {
        "max": -0.2083262953666778,
        "mean": -0.2766817896936115,
        "median": -0.2776416843826758,
        "min": -0.3440773893314809,
        "std": 0.05542430830433383
    }
}