{
    "breaker_rate": 0.3333333333333333,
    "group_name": "optuna_trial_0018",
    "overrides": {
        "env.max_drawdown": 0.3725895571816021,
        "portfolio.short.leverage": 3.3689528082291087,
        "portfolio.short.maintenance_margin_ratio": 0.03465300980068749,
        "ppo.batch_size": 128,
        "ppo.clip_range": 0.15756470054739052,
        "ppo.ent_coef": 0.0022256966882796803,
        "ppo.gae_lambda": 0.9168796149702123,
        "ppo.gamma": 0.9781665312510855,
        "ppo.learning_rate": 0.0007406110617530302,
        "ppo.n_steps": 4096,
        "ppo.vf_coef": 0.3504570264914013,
        "reward.drawdown_penalty_scale": 0.1301896933296547,
        "reward.overtrade_penalty_scale": 0.023613165381877316,
        "reward.sharpe_weight": 0.06911713251962642
    },
    "per_seed": [
        {
            "annualized_return": -0.6848031099161576,
            "annualized_volatility": 0.32565299094624467,
            "average_drawdown": 0.17796819318239532,
            "average_loss": 77.85501952638457,
            "average_win": 72.84983441671928,
            "breaker_hit": true,
            "cagr": -0.6848031099161576,
            "calmar_ratio": -1.7747251579321668,
            "expectancy": -14.680762570437007,
            "experiment_dir": "/teamspace/studios/this_studio/warlock/experiments/ppo_baseline/20260719_234427",
            "final_capital": 6420.863611807692,
            "longest_drawdown": 1892,
            "max_drawdown": 0.3858643164297398,
            "minimum_capital": 6420.863611807692,
            "number_of_closing_trades": 198,
            "number_of_trades": 972,
            "peak_capital": 10455.12218811352,
            "profit_factor": 0.6753395794399915,
            "seed": 77,
            "sharpe_ratio": -3.3819086840319854,
            "sortino_ratio": -0.05193671085049927,
            "total_return": -0.3578195395767274,
            "win_rate": 0.41919191919191917
        },
        {
            "annualized_return": -0.2821758451478368,
            "annualized_volatility": 0.03976588696559219,
            "average_drawdown": 0.0812761333499215,
            "average_loss": 7.0348924718001875,
            "average_win": 7.067204532975696,
            "breaker_hit": false,
            "cagr": -0.2821758451478369,
            "calmar_ratio": -1.3576258918533362,
            "expectancy": -1.3306734586324147,
            "experiment_dir": "/teamspace/studios/this_studio/warlock/experiments/ppo_baseline/20260719_234517",
            "final_capital": 7921.994700751544,
            "longest_drawdown": 4238,
            "max_drawdown": 0.20784506751166185,
            "minimum_capital": 7921.994700751544,
            "number_of_closing_trades": 890,
            "number_of_trades": 2562,
            "peak_capital": 10000.562233282779,
            "profit_factor": 0.6823651338518494,
            "seed": 123,
            "sharpe_ratio": -8.316934801982454,
            "sortino_ratio": -0.11644191560756773,
            "total_return": -0.20773616165038766,
            "win_rate": 0.4044943820224719
        },
        {
            "annualized_return": 0.0,
            "annualized_volatility": 0.0,
            "average_drawdown": 0.0,
            "average_loss": 0.0,
            "average_win": 0.0,
            "breaker_hit": false,
            "cagr": 0.0,
            "calmar_ratio": 0.0,
            "expectancy": 0.0,
            "experiment_dir": "/teamspace/studios/this_studio/warlock/experiments/ppo_baseline/20260719_234858",
            "final_capital": 10000.0,
            "longest_drawdown": 0,
            "max_drawdown": 0.0,
            "minimum_capital": 10000.0,
            "number_of_closing_trades": 0,
            "number_of_trades": 0,
            "peak_capital": 10000.0,
            "profit_factor": 0.0,
            "seed": 73,
            "sharpe_ratio": 0.0,
            "sortino_ratio": 0.0,
            "total_return": 0.0,
            "win_rate": 0.0
        }
    ],
    "seeds": [
        77,
        123,
        73
    ],
    "sharpe_ratio": {
        "max": 0.0,
        "mean": -3.8996144953381466,
        "median": -3.3819086840319854,
        "min": -8.316934801982454,
        "std": 3.4150515472343757
    },
    "timesteps": null,
    "total_return": {
        "max": 0.0,
        "mean": -0.18851856707570502,
        "median": -0.20773616165038766,
        "min": -0.3578195395767274,
        "std": 0.14670990123744876
    }
}