{
    "breaker_rate": 0.0,
    "group_name": "optuna_trial_0016",
    "overrides": {
        "env.max_drawdown": 0.3351665428794299,
        "portfolio.short.leverage": 3.418959471336574,
        "portfolio.short.maintenance_margin_ratio": 0.045941144440372866,
        "ppo.batch_size": 32,
        "ppo.clip_range": 0.10610891319899728,
        "ppo.ent_coef": 0.0002105884306878291,
        "ppo.gae_lambda": 0.9106204631603954,
        "ppo.gamma": 0.9645765510777825,
        "ppo.learning_rate": 8.38205971777354e-05,
        "ppo.vf_coef": 0.7178815464999674,
        "reward.drawdown_penalty_scale": 0.21040851292643556,
        "reward.overtrade_penalty_scale": 0.017402583888197296,
        "reward.sharpe_weight": 0.1243146118805653
    },
    "per_seed": [
        {
            "annualized_return": -0.3589635475335927,
            "annualized_volatility": 0.10878149461271597,
            "average_drawdown": 0.1637581595617822,
            "average_loss": 8.87916685448018,
            "average_win": 10.06471136426735,
            "breaker_hit": false,
            "cagr": -0.3589635475335927,
            "calmar_ratio": -1.3052944967512183,
            "expectancy": -1.352765864968144,
            "experiment_dir": "C:\\Users\\Jalaj\\OneDrive\\Desktop\\project_draft\\warlock\\experiments\\ppo_baseline\\20260720_095942_pid26088_ca1a9d",
            "final_capital": 7316.928779782586,
            "longest_drawdown": 4214,
            "max_drawdown": 0.27500579250661555,
            "minimum_capital": 7314.525526867216,
            "number_of_closing_trades": 1037,
            "number_of_trades": 2165,
            "peak_capital": 10089.081335086337,
            "profit_factor": 0.7472162467560087,
            "seed": 44,
            "sharpe_ratio": -4.033507046968582,
            "sortino_ratio": -0.06608289459700532,
            "total_return": -0.26825779389182913,
            "win_rate": 0.39729990356798456
        }
    ],
    "pruned": true,
    "seeds": [
        44,
        53,
        7
    ],
    "sharpe_ratio": {
        "max": -4.033507046968582,
        "mean": -4.033507046968582,
        "median": -4.033507046968582,
        "min": -4.033507046968582,
        "std": 0.0
    },
    "timesteps": null,
    "total_return": {
        "max": -0.26825779389182913,
        "mean": -0.26825779389182913,
        "median": -0.26825779389182913,
        "min": -0.26825779389182913,
        "std": 0.0
    }
}