{
    "breaker_rate": 0.6666666666666666,
    "group_name": "optuna_trial_0003",
    "overrides": {
        "env.max_drawdown": 0.17436084995962256,
        "portfolio.short.leverage": 1.5356019172137487,
        "portfolio.short.maintenance_margin_ratio": 0.08321680913485276,
        "ppo.batch_size": 32,
        "ppo.clip_range": 0.17061293480649137,
        "ppo.ent_coef": 0.005326138347750587,
        "ppo.gae_lambda": 0.9232227848526371,
        "ppo.gamma": 0.9882426261652074,
        "ppo.learning_rate": 0.000642627261851363,
        "ppo.n_steps": 4096,
        "ppo.vf_coef": 0.4352286152888782,
        "reward.drawdown_penalty_scale": 0.13227159511123057,
        "reward.overtrade_penalty_scale": 0.00027528626884867484,
        "reward.sharpe_weight": 0.11219696738432972
    },
    "per_seed": [
        {
            "annualized_return": -0.5394766250995242,
            "annualized_volatility": 0.3048393729119354,
            "average_drawdown": 0.07850341073297698,
            "average_loss": 93.55440193755904,
            "average_win": 112.67263391162932,
            "breaker_hit": true,
            "cagr": -0.5394766250995242,
            "calmar_ratio": -2.830731199990938,
            "expectancy": -14.236311226332745,
            "experiment_dir": "/teamspace/studios/this_studio/warlock/experiments/ppo_baseline/20260719_212911",
            "final_capital": 8511.005656838539,
            "longest_drawdown": 828,
            "max_drawdown": 0.19057854207465943,
            "minimum_capital": 8511.005656838539,
            "number_of_closing_trades": 78,
            "number_of_trades": 416,
            "peak_capital": 10514.924670583143,
            "profit_factor": 0.7527213550225992,
            "seed": 77,
            "sharpe_ratio": -2.3909622639821553,
            "sortino_ratio": -0.03931370874764896,
            "total_return": -0.14873100283527318,
            "win_rate": 0.38461538461538464
        },
        {
            "annualized_return": 0.0,
            "annualized_volatility": 0.0,
            "average_drawdown": 0.0,
            "average_loss": 0.0,
            "average_win": 0.0,
            "breaker_hit": false,
            "cagr": 0.0,
            "calmar_ratio": 0.0,
            "expectancy": 0.0,
            "experiment_dir": "/teamspace/studios/this_studio/warlock/experiments/ppo_baseline/20260719_213017",
            "final_capital": 10000.0,
            "longest_drawdown": 0,
            "max_drawdown": 0.0,
            "minimum_capital": 10000.0,
            "number_of_closing_trades": 0,
            "number_of_trades": 0,
            "peak_capital": 10000.0,
            "profit_factor": 0.0,
            "seed": 123,
            "sharpe_ratio": 0.0,
            "sortino_ratio": 0.0,
            "total_return": 0.0,
            "win_rate": 0.0
        },
        {
            "annualized_return": -0.5683522717540366,
            "annualized_volatility": 0.23434465825132123,
            "average_drawdown": 0.07418221011252914,
            "average_loss": 65.95400227833983,
            "average_win": 82.68837834246449,
            "breaker_hit": true,
            "cagr": -0.5683522717540366,
            "calmar_ratio": -3.2226953596879806,
            "expectancy": -19.237825511801326,
            "experiment_dir": "/teamspace/studios/this_studio/warlock/experiments/ppo_baseline/20260719_213300",
            "final_capital": 8364.81818945504,
            "longest_drawdown": 811,
            "max_drawdown": 0.17635929193414798,
            "minimum_capital": 8364.81818945504,
            "number_of_closing_trades": 70,
            "number_of_trades": 718,
            "peak_capital": 10155.906704876288,
            "profit_factor": 0.5746253262036842,
            "seed": 73,
            "sharpe_ratio": -3.4676332621279986,
            "sortino_ratio": -0.05362252565836823,
            "total_return": -0.16347856077487333,
            "win_rate": 0.3142857142857143
        }
    ],
    "seeds": [
        77,
        123,
        73
    ],
    "sharpe_ratio": {
        "max": 0.0,
        "mean": -1.9528651753700512,
        "median": -2.3909622639821553,
        "min": -3.4676332621279986,
        "std": 1.44915306402094
    },
    "timesteps": null,
    "total_return": {
        "max": 0.0,
        "mean": -0.10406985453671551,
        "median": -0.14873100283527318,
        "min": -0.16347856077487333,
        "std": 0.0738343803557002
    }
}