{
    "breaker_rate": 0.6666666666666666,
    "group_name": "optuna_trial_0002",
    "overrides": {
        "env.max_drawdown": 0.29141034368833574,
        "portfolio.short.leverage": 4.193733859759147,
        "portfolio.short.maintenance_margin_ratio": 0.05303178450352558,
        "ppo.batch_size": 128,
        "ppo.clip_range": 0.1494528269778203,
        "ppo.ent_coef": 0.00020895023158176948,
        "ppo.gae_lambda": 0.9412795532956958,
        "ppo.gamma": 0.953889165688479,
        "ppo.learning_rate": 0.000455912091939098,
        "ppo.n_steps": 2048,
        "ppo.vf_coef": 0.7826513923946662,
        "reward.drawdown_penalty_scale": 0.06680934767994515,
        "reward.overtrade_penalty_scale": 0.001508684907505197,
        "reward.sharpe_weight": 0.4429845576504062
    },
    "per_seed": [
        {
            "annualized_return": -0.6851252616396761,
            "annualized_volatility": 0.34967345531086147,
            "average_drawdown": 0.11558742634122249,
            "average_loss": 89.398979543692,
            "average_win": 124.21324569665529,
            "breaker_hit": true,
            "cagr": -0.6851252616396761,
            "calmar_ratio": -2.344177576401948,
            "expectancy": -18.194904463576243,
            "experiment_dir": "/teamspace/studios/this_studio/warlock/experiments/ppo_baseline/20260719_211654",
            "final_capital": 7435.22943479127,
            "longest_drawdown": 1122,
            "max_drawdown": 0.2922667926425895,
            "minimum_capital": 7435.22943479127,
            "number_of_closing_trades": 114,
            "number_of_trades": 594,
            "peak_capital": 10505.695306503294,
            "profit_factor": 0.6947128833609812,
            "seed": 77,
            "sharpe_ratio": -3.129355759757639,
            "sortino_ratio": -0.04830458908202289,
            "total_return": -0.2563283593577441,
            "win_rate": 0.3333333333333333
        },
        {
            "annualized_return": -0.38963405770230675,
            "annualized_volatility": 0.10948397980002623,
            "average_drawdown": 0.14945316864251387,
            "average_loss": 8.171580923886555,
            "average_win": 7.155401231016229,
            "breaker_hit": true,
            "cagr": -0.38963405770230675,
            "calmar_ratio": -1.3237237958028298,
            "expectancy": -1.4891304481868262,
            "experiment_dir": "/teamspace/studios/this_studio/warlock/experiments/ppo_baseline/20260719_211736",
            "final_capital": 7081.818218830061,
            "longest_drawdown": 4204,
            "max_drawdown": 0.2943469468009346,
            "minimum_capital": 7081.818218830061,
            "number_of_closing_trades": 1078,
            "number_of_trades": 2171,
            "peak_capital": 10035.835863991186,
            "profit_factor": 0.676896368417428,
            "seed": 123,
            "sharpe_ratio": -4.454373870496897,
            "sortino_ratio": -0.06479661210428068,
            "total_return": -0.291698622716938,
            "win_rate": 0.4359925788497217
        },
        {
            "annualized_return": -0.09808334886649894,
            "annualized_volatility": 0.01843761247338249,
            "average_drawdown": 0.03144115259583199,
            "average_loss": 5.29618457944364,
            "average_win": 4.328897707504284,
            "breaker_hit": false,
            "cagr": -0.09808334886649894,
            "calmar_ratio": -1.3881690796722135,
            "expectancy": -1.3230401470407174,
            "experiment_dir": "/teamspace/studios/this_studio/warlock/experiments/ppo_baseline/20260719_212301",
            "final_capital": 9300.218045560054,
            "longest_drawdown": 4238,
            "max_drawdown": 0.07065662987512965,
            "minimum_capital": 9297.395338650838,
            "number_of_closing_trades": 344,
            "number_of_trades": 789,
            "peak_capital": 10004.262834953675,
            "profit_factor": 0.5745809009502385,
            "seed": 73,
            "sharpe_ratio": -5.589782456071503,
            "sortino_ratio": -0.0696389704701109,
            "total_return": -0.06994263379385612,
            "win_rate": 0.4127906976744186
        }
    ],
    "seeds": [
        77,
        123,
        73
    ],
    "sharpe_ratio": {
        "max": -3.129355759757639,
        "mean": -4.391170695442013,
        "median": -4.454373870496897,
        "min": -5.589782456071503,
        "std": 1.0054587221715445
    },
    "timesteps": null,
    "total_return": {
        "max": -0.06994263379385612,
        "mean": -0.20598987195617943,
        "median": -0.2563283593577441,
        "min": -0.291698622716938,
        "std": 0.09727761695690543
    }
}