{
    "breaker_rate": 0.6666666666666666,
    "group_name": "optuna_trial_0013",
    "overrides": {
        "env.max_drawdown": 0.3416434401469245,
        "portfolio.short.leverage": 2.195158247240491,
        "portfolio.short.maintenance_margin_ratio": 0.053454221945951744,
        "ppo.batch_size": 128,
        "ppo.clip_range": 0.29593529191743717,
        "ppo.ent_coef": 0.007399901761120147,
        "ppo.gae_lambda": 0.9120973947190377,
        "ppo.gamma": 0.9735343960614881,
        "ppo.learning_rate": 2.1093843711629854e-05,
        "ppo.n_steps": 4096,
        "ppo.vf_coef": 0.30442274933294194,
        "reward.drawdown_penalty_scale": 0.08206414443355509,
        "reward.overtrade_penalty_scale": 0.0037420439044611544,
        "reward.sharpe_weight": 0.18243307595418753
    },
    "per_seed": [
        {
            "annualized_return": -0.6603975267184397,
            "annualized_volatility": 0.3262526379386902,
            "average_drawdown": 0.16620885743050634,
            "average_loss": 69.03157345720795,
            "average_win": 62.275527647823935,
            "breaker_hit": true,
            "cagr": -0.6603975267184397,
            "calmar_ratio": -1.927731195176207,
            "expectancy": -11.664393362776547,
            "experiment_dir": "/teamspace/studios/this_studio/warlock/experiments/ppo_baseline/20260719_230318",
            "final_capital": 6962.2666314586095,
            "longest_drawdown": 1599,
            "max_drawdown": 0.34257760022297873,
            "minimum_capital": 6962.2666314586095,
            "number_of_closing_trades": 206,
            "number_of_trades": 859,
            "peak_capital": 10590.248573550292,
            "profit_factor": 0.6999292831809977,
            "seed": 77,
            "sharpe_ratio": -3.1466385995438824,
            "sortino_ratio": -0.04885078290754922,
            "total_return": -0.3036879901279095,
            "win_rate": 0.4368932038834951
        },
        {
            "annualized_return": -0.8019751872293397,
            "annualized_volatility": 0.26303845288918126,
            "average_drawdown": 0.19220621586156372,
            "average_loss": 25.96694316122659,
            "average_win": 12.395207931353587,
            "breaker_hit": true,
            "cagr": -0.8019751872293397,
            "calmar_ratio": -2.3216001399092323,
            "expectancy": -7.163819842449607,
            "experiment_dir": "/teamspace/studios/this_studio/warlock/experiments/ppo_baseline/20260719_230414",
            "final_capital": 6602.191102719559,
            "longest_drawdown": 1497,
            "max_drawdown": 0.3454407042121795,
            "minimum_capital": 6602.191102719559,
            "number_of_closing_trades": 406,
            "number_of_trades": 1056,
            "peak_capital": 10086.46755947944,
            "profit_factor": 0.458897530022985,
            "seed": 123,
            "sharpe_ratio": -6.023724657532347,
            "sortino_ratio": -0.08639251779247371,
            "total_return": -0.3396698247418559,
            "win_rate": 0.49014778325123154
        },
        {
            "annualized_return": -0.318758301656069,
            "annualized_volatility": 0.1541820800094709,
            "average_drawdown": 0.11357658695824394,
            "average_loss": 10.554110513347961,
            "average_win": 10.618670071445095,
            "breaker_hit": false,
            "cagr": -0.3187583016560691,
            "calmar_ratio": -1.3296169252569903,
            "expectancy": -1.0244379452378372,
            "experiment_dir": "/teamspace/studios/this_studio/warlock/experiments/ppo_baseline/20260719_230652",
            "final_capital": 7636.30272926351,
            "longest_drawdown": 4232,
            "max_drawdown": 0.23973694648513813,
            "minimum_capital": 7628.19996841672,
            "number_of_closing_trades": 1102,
            "number_of_trades": 2575,
            "peak_capital": 10033.632350210744,
            "profit_factor": 0.8234885066201749,
            "seed": 73,
            "sharpe_ratio": -2.4123921096170933,
            "sortino_ratio": -0.0356756499149193,
            "total_return": -0.23631553845846953,
            "win_rate": 0.4500907441016334
        }
    ],
    "seeds": [
        77,
        123,
        73
    ],
    "sharpe_ratio": {
        "max": -2.4123921096170933,
        "mean": -3.860918455564441,
        "median": -3.1466385995438824,
        "min": -6.023724657532347,
        "std": 1.5584345729920954
    },
    "timesteps": null,
    "total_return": {
        "max": -0.23631553845846953,
        "mean": -0.29322445110941164,
        "median": -0.3036879901279095,
        "min": -0.3396698247418559,
        "std": 0.04283799995238471
    }
}