{
    "breaker_rate": 0.3333333333333333,
    "group_name": "optuna_trial_0000",
    "overrides": {
        "env.max_drawdown": 0.3953470726584196,
        "portfolio.short.leverage": 3.2058412431365526,
        "portfolio.short.maintenance_margin_ratio": 0.02449487086431529,
        "ppo.batch_size": 64,
        "ppo.clip_range": 0.2546982161260789,
        "ppo.ent_coef": 0.0022498556273836774,
        "ppo.gae_lambda": 0.933900990727544,
        "ppo.gamma": 0.9583045281475269,
        "ppo.learning_rate": 1.2275235726695415e-05,
        "ppo.n_steps": 1024,
        "ppo.vf_coef": 0.4262137602656631,
        "reward.drawdown_penalty_scale": 0.05499391892507804,
        "reward.overtrade_penalty_scale": 0.00012851785308255528,
        "reward.sharpe_weight": 0.04192835544665696
    },
    "per_seed": [
        {
            "annualized_return": -0.7077688924119113,
            "annualized_volatility": 0.33931403734453863,
            "average_drawdown": 0.18601827935104084,
            "average_loss": 87.06565096590126,
            "average_win": 79.50759007179663,
            "breaker_hit": true,
            "cagr": -0.7077688924119113,
            "calmar_ratio": -1.7398374329292883,
            "expectancy": -16.052848207724786,
            "experiment_dir": "/teamspace/studios/this_studio/warlock/experiments/ppo_baseline/20260719_205948",
            "final_capital": 6236.873690948307,
            "longest_drawdown": 1892,
            "max_drawdown": 0.40680173849361995,
            "minimum_capital": 6236.873690948307,
            "number_of_closing_trades": 190,
            "number_of_trades": 941,
            "peak_capital": 10513.978370587702,
            "profit_factor": 0.6786100066385389,
            "seed": 77,
            "sharpe_ratio": -3.455241221959249,
            "sortino_ratio": -0.05326672952027224,
            "total_return": -0.3761878996601189,
            "win_rate": 0.4263157894736842
        },
        {
            "annualized_return": -0.2627677572835616,
            "annualized_volatility": 0.2242880573284371,
            "average_drawdown": 0.2029069827253151,
            "average_loss": 30.81968444016815,
            "average_win": 27.92719842460061,
            "breaker_hit": false,
            "cagr": -0.2627677572835616,
            "calmar_ratio": -0.9105205586086935,
            "expectancy": -2.373825368806436,
            "experiment_dir": "/teamspace/studios/this_studio/warlock/experiments/ppo_baseline/20260719_210053",
            "final_capital": 8071.3961350800155,
            "longest_drawdown": 4195,
            "max_drawdown": 0.28859069111528873,
            "minimum_capital": 7191.4622095258865,
            "number_of_closing_trades": 475,
            "number_of_trades": 1738,
            "peak_capital": 10108.754720682622,
            "profit_factor": 0.8506696426604302,
            "seed": 123,
            "sharpe_ratio": -1.2470661558559253,
            "sortino_ratio": -0.01879161644428264,
            "total_return": -0.19275047764736608,
            "win_rate": 0.4842105263157895
        },
        {
            "annualized_return": -0.04058877811687556,
            "annualized_volatility": 0.09754105641776988,
            "average_drawdown": 0.046579108880667734,
            "average_loss": 6.5708452933950365,
            "average_win": 8.579815094858708,
            "breaker_hit": false,
            "cagr": -0.04058877811687556,
            "calmar_ratio": -0.6288130668526419,
            "expectancy": 0.6257183910254915,
            "experiment_dir": "/teamspace/studios/this_studio/warlock/experiments/ppo_baseline/20260719_210407",
            "final_capital": 9712.68439796256,
            "longest_drawdown": 4214,
            "max_drawdown": 0.06454824216683662,
            "minimum_capital": 9390.244836611872,
            "number_of_closing_trades": 760,
            "number_of_trades": 1723,
            "peak_capital": 10038.192518193557,
            "profit_factor": 1.1813837491399017,
            "seed": 73,
            "sharpe_ratio": -0.3760777786255241,
            "sortino_ratio": -0.005716230221672294,
            "total_return": -0.02868407308424159,
            "win_rate": 0.475
        }
    ],
    "seeds": [
        77,
        123,
        73
    ],
    "sharpe_ratio": {
        "max": -0.3760777786255241,
        "mean": -1.6927950521468995,
        "median": -1.2470661558559253,
        "min": -3.455241221959249,
        "std": 1.295972624307648
    },
    "timesteps": null,
    "total_return": {
        "max": -0.02868407308424159,
        "mean": -0.19920748346390885,
        "median": -0.19275047764736608,
        "min": -0.3761878996601189,
        "std": 0.14194129552812906
    }
}