{
    "breaker_rate": 0.0,
    "group_name": "optuna_trial_0011",
    "overrides": {
        "env.max_drawdown": 0.3963300064655961,
        "portfolio.short.leverage": 2.881684799216853,
        "portfolio.short.maintenance_margin_ratio": 0.03064785313229136,
        "ppo.batch_size": 64,
        "ppo.clip_range": 0.23436897222707134,
        "ppo.ent_coef": 0.0017630598298713877,
        "ppo.gae_lambda": 0.9112934464161189,
        "ppo.gamma": 0.9708044271480751,
        "ppo.learning_rate": 1.0193384260521806e-05,
        "ppo.n_steps": 4096,
        "ppo.vf_coef": 0.3018315370213084,
        "reward.drawdown_penalty_scale": 0.05174300298240655,
        "reward.overtrade_penalty_scale": 0.04418041597278263,
        "reward.sharpe_weight": 0.06979476296773812
    },
    "per_seed": [
        {
            "annualized_return": -0.3430705185027465,
            "annualized_volatility": 0.29699084302678036,
            "average_drawdown": 0.24792846410082073,
            "average_loss": 71.5613844261387,
            "average_win": 87.49132226856565,
            "breaker_hit": false,
            "cagr": -0.3430705185027465,
            "calmar_ratio": -0.8666329838168666,
            "expectancy": -4.87949364691557,
            "experiment_dir": "/teamspace/studios/this_studio/warlock/experiments/ppo_baseline/20260719_223836",
            "final_capital": 7442.99228074279,
            "longest_drawdown": 3820,
            "max_drawdown": 0.3958659835352433,
            "minimum_capital": 6390.64675646204,
            "number_of_closing_trades": 291,
            "number_of_trades": 1510,
            "peak_capital": 10578.193881315488,
            "profit_factor": 0.8825907517303819,
            "seed": 77,
            "sharpe_ratio": -1.2660628096807927,
            "sortino_ratio": -0.020220289925949167,
            "total_return": -0.25556180480499013,
            "win_rate": 0.41924398625429554
        },
        {
            "annualized_return": -0.298920906768648,
            "annualized_volatility": 0.10817062186478338,
            "average_drawdown": 0.14917712212047352,
            "average_loss": 8.893818884209917,
            "average_win": 6.446646630231486,
            "breaker_hit": false,
            "cagr": -0.298920906768648,
            "calmar_ratio": -1.3417674275748752,
            "expectancy": -2.1295191298105585,
            "experiment_dir": "/teamspace/studios/this_studio/warlock/experiments/ppo_baseline/20260719_224101",
            "final_capital": 7792.372230700089,
            "longest_drawdown": 4212,
            "max_drawdown": 0.22278146020351744,
            "minimum_capital": 7785.980118029307,
            "number_of_closing_trades": 762,
            "number_of_trades": 1699,
            "peak_capital": 10017.748830423028,
            "profit_factor": 0.5717093071596717,
            "seed": 123,
            "sharpe_ratio": -3.2288349328484935,
            "sortino_ratio": -0.04160083384905864,
            "total_return": -0.22076277692999113,
            "win_rate": 0.4409448818897638
        },
        {
            "annualized_return": -0.061941517018821446,
            "annualized_volatility": 0.058848724293304774,
            "average_drawdown": 0.01920076512160572,
            "average_loss": 5.401454247188334,
            "average_win": 9.055875272107873,
            "breaker_hit": false,
            "cagr": -0.06194151701882156,
            "calmar_ratio": -1.1134919999272463,
            "expectancy": -0.4598246657339806,
            "experiment_dir": "/teamspace/studios/this_studio/warlock/experiments/ppo_baseline/20260719_224618",
            "final_capital": 9560.81294434977,
            "longest_drawdown": 4212,
            "max_drawdown": 0.0556281652880026,
            "minimum_capital": 9494.714339709231,
            "number_of_closing_trades": 354,
            "number_of_trades": 785,
            "peak_capital": 10053.999908420405,
            "profit_factor": 0.8706611774315787,
            "seed": 73,
            "sharpe_ratio": -1.0574304238212406,
            "sortino_ratio": -0.019500501553910577,
            "total_return": -0.043918705565023086,
            "win_rate": 0.3418079096045198
        }
    ],
    "seeds": [
        77,
        123,
        73
    ],
    "sharpe_ratio": {
        "max": -1.0574304238212406,
        "mean": -1.8507760554501758,
        "median": -1.2660628096807927,
        "min": -3.2288349328484935,
        "std": 0.978150148763674
    },
    "timesteps": null,
    "total_return": {
        "max": -0.043918705565023086,
        "mean": -0.17341442910000146,
        "median": -0.22076277692999113,
        "min": -0.25556180480499013,
        "std": 0.0926628292813859
    }
}