{
    "breaker_rate": 0.3333333333333333,
    "group_name": "optuna_trial_0014",
    "overrides": {
        "env.max_drawdown": 0.397719614404796,
        "portfolio.short.leverage": 2.951441115836937,
        "portfolio.short.maintenance_margin_ratio": 0.02868722359556749,
        "ppo.batch_size": 128,
        "ppo.clip_range": 0.17983816929230656,
        "ppo.ent_coef": 0.00063174895246099,
        "ppo.gae_lambda": 0.92362810942884,
        "ppo.gamma": 0.9715896510309359,
        "ppo.learning_rate": 5.7532283945334324e-05,
        "ppo.vf_coef": 0.33565830260478163,
        "reward.drawdown_penalty_scale": 0.20151877639471993,
        "reward.overtrade_penalty_scale": 0.002253713336146802,
        "reward.sharpe_weight": 0.09440114773901209
    },
    "per_seed": [
        {
            "annualized_return": -0.16429622482427741,
            "annualized_volatility": 0.1411462008834249,
            "average_drawdown": 0.0766563205294776,
            "average_loss": 19.049201467247876,
            "average_win": 15.205708306583531,
            "breaker_hit": false,
            "cagr": -0.16429622482427741,
            "calmar_ratio": -0.8621196497962839,
            "expectancy": -1.273268332943382,
            "experiment_dir": "C:\\Users\\Jalaj\\OneDrive\\Desktop\\project_draft\\warlock\\experiments\\ppo_baseline\\20260720_092742_pid13444_b85502",
            "final_capital": 8815.081473664966,
            "longest_drawdown": 3818,
            "max_drawdown": 0.19057241632655061,
            "minimum_capital": 8228.094508653932,
            "number_of_closing_trades": 449,
            "number_of_trades": 1211,
            "peak_capital": 10165.325069986033,
            "profit_factor": 0.8610572939737806,
            "seed": 44,
            "sharpe_ratio": -1.2010051888352626,
            "sortino_ratio": -0.016525579230412056,
            "total_return": -0.11844164624729392,
            "win_rate": 0.5189309576837416
        },
        {
            "annualized_return": -0.7248617927030109,
            "annualized_volatility": 0.25043343053229056,
            "average_drawdown": 0.20431792502461343,
            "average_loss": 21.13607077360308,
            "average_win": 14.965814819441283,
            "breaker_hit": true,
            "cagr": -0.7248617927030109,
            "calmar_ratio": -1.821795294057901,
            "expectancy": -4.534888737116539,
            "experiment_dir": "C:\\Users\\Jalaj\\OneDrive\\Desktop\\project_draft\\warlock\\experiments\\ppo_baseline\\20260720_095606_pid13444_b98d42",
            "final_capital": 6148.3141364691965,
            "longest_drawdown": 1991,
            "max_drawdown": 0.39788322819104455,
            "minimum_capital": 6148.3141364691965,
            "number_of_closing_trades": 635,
            "number_of_trades": 1598,
            "peak_capital": 10211.165714580002,
            "profit_factor": 0.6027883415003579,
            "seed": 53,
            "sharpe_ratio": -5.027156483278058,
            "sortino_ratio": -0.07626759839576454,
            "total_return": -0.38508901234510096,
            "win_rate": 0.45984251968503936
        },
        {
            "annualized_return": -0.38167826689352746,
            "annualized_volatility": 0.1297323421156328,
            "average_drawdown": 0.14893581477045487,
            "average_loss": 9.312233735162971,
            "average_win": 10.614967138738827,
            "breaker_hit": false,
            "cagr": -0.3816782668935276,
            "calmar_ratio": -1.2874529028580908,
            "expectancy": -0.9453641374670241,
            "experiment_dir": "C:\\Users\\Jalaj\\OneDrive\\Desktop\\project_draft\\warlock\\experiments\\ppo_baseline\\20260720_100445_pid13444_6e3412",
            "final_capital": 7131.980491937651,
            "longest_drawdown": 4238,
            "max_drawdown": 0.2964599839312319,
            "minimum_capital": 7051.582995601454,
            "number_of_closing_trades": 1248,
            "number_of_trades": 2682,
            "peak_capital": 10023.00201060943,
            "profit_factor": 0.8250067591663475,
            "seed": 7,
            "sharpe_ratio": -3.6403067265964895,
            "sortino_ratio": -0.05054861427895394,
            "total_return": -0.28656723663708783,
            "win_rate": 0.4198717948717949
        }
    ],
    "pruned": false,
    "seeds": [
        44,
        53,
        7
    ],
    "sharpe_ratio": {
        "max": -1.2010051888352626,
        "mean": -3.289489466236603,
        "median": -3.6403067265964895,
        "min": -5.027156483278058,
        "std": 1.5815947636518406
    },
    "timesteps": null,
    "total_return": {
        "max": -0.11844164624729392,
        "mean": -0.26336596507649424,
        "median": -0.28656723663708783,
        "min": -0.38508901234510096,
        "std": 0.11008762786449042
    }
}