{
    "breaker_rate": 0.6666666666666666,
    "group_name": "optuna_trial_0005",
    "overrides": {
        "env.max_drawdown": 0.2669552903506168,
        "portfolio.short.leverage": 1.234011099290106,
        "portfolio.short.maintenance_margin_ratio": 0.08297495780891204,
        "ppo.batch_size": 64,
        "ppo.clip_range": 0.2538596510005946,
        "ppo.ent_coef": 0.02747349365699712,
        "ppo.gae_lambda": 0.9383426362688152,
        "ppo.gamma": 0.9664079212650409,
        "ppo.learning_rate": 0.00033533086902376755,
        "ppo.n_steps": 4096,
        "ppo.vf_coef": 0.3709026199767103,
        "reward.drawdown_penalty_scale": 0.2297084822918761,
        "reward.overtrade_penalty_scale": 0.0004892632738753981,
        "reward.sharpe_weight": 0.48842897660814033
    },
    "per_seed": [
        {
            "annualized_return": -0.6412414907241288,
            "annualized_volatility": 0.3435380841115437,
            "average_drawdown": 0.10790282017687611,
            "average_loss": 84.4714723827286,
            "average_win": 103.78253098151389,
            "breaker_hit": true,
            "cagr": -0.6412414907241288,
            "calmar_ratio": -2.3811332074929212,
            "expectancy": -15.033520322147346,
            "experiment_dir": "/teamspace/studios/this_studio/warlock/experiments/ppo_baseline/20260719_214613",
            "final_capital": 7693.269414161341,
            "longest_drawdown": 1118,
            "max_drawdown": 0.269300973463508,
            "minimum_capital": 7693.269414161341,
            "number_of_closing_trades": 122,
            "number_of_trades": 608,
            "peak_capital": 10528.643305612957,
            "profit_factor": 0.7180190753735591,
            "seed": 77,
            "sharpe_ratio": -2.811723425707484,
            "sortino_ratio": -0.04337032580598204,
            "total_return": -0.23051920087885425,
            "win_rate": 0.36885245901639346
        },
        {
            "annualized_return": 0.0,
            "annualized_volatility": 0.0,
            "average_drawdown": 0.0,
            "average_loss": 0.0,
            "average_win": 0.0,
            "breaker_hit": false,
            "cagr": 0.0,
            "calmar_ratio": 0.0,
            "expectancy": 0.0,
            "experiment_dir": "/teamspace/studios/this_studio/warlock/experiments/ppo_baseline/20260719_214704",
            "final_capital": 10000.0,
            "longest_drawdown": 0,
            "max_drawdown": 0.0,
            "minimum_capital": 10000.0,
            "number_of_closing_trades": 0,
            "number_of_trades": 0,
            "peak_capital": 10000.0,
            "profit_factor": 0.0,
            "seed": 123,
            "sharpe_ratio": 0.0,
            "sortino_ratio": 0.0,
            "total_return": 0.0,
            "win_rate": 0.0
        },
        {
            "annualized_return": -0.5739713740708294,
            "annualized_volatility": 0.2785868792044267,
            "average_drawdown": 0.13349044278127956,
            "average_loss": 37.60812704965538,
            "average_win": 37.920448413761086,
            "breaker_hit": true,
            "cagr": -0.5739713740708294,
            "calmar_ratio": -2.1085951764439996,
            "expectancy": -6.372580586818742,
            "experiment_dir": "/teamspace/studios/this_studio/warlock/experiments/ppo_baseline/20260719_215210",
            "final_capital": 7471.760493950249,
            "longest_drawdown": 1672,
            "max_drawdown": 0.27220558051299,
            "minimum_capital": 7471.760493950249,
            "number_of_closing_trades": 295,
            "number_of_trades": 1159,
            "peak_capital": 10266.306382531431,
            "profit_factor": 0.711058752365248,
            "seed": 73,
            "sharpe_ratio": -2.9233409321257877,
            "sortino_ratio": -0.045623520524288454,
            "total_return": -0.25273031944307456,
            "win_rate": 0.4135593220338983
        }
    ],
    "seeds": [
        77,
        123,
        73
    ],
    "sharpe_ratio": {
        "max": 0.0,
        "mean": -1.9116881192777573,
        "median": -2.811723425707484,
        "min": -2.9233409321257877,
        "std": 1.3525354501763363
    },
    "timesteps": null,
    "total_return": {
        "max": 0.0,
        "mean": -0.16108317344064293,
        "median": -0.23051920087885425,
        "min": -0.25273031944307456,
        "std": 0.11426336543631603
    }
}