{
    "breaker_rate": 1.0,
    "group_name": "optuna_trial_0010",
    "overrides": {
        "env.max_drawdown": 0.17639501115813214,
        "portfolio.short.leverage": 2.7247644329183736,
        "portfolio.short.maintenance_margin_ratio": 0.0933766104051227,
        "ppo.batch_size": 64,
        "ppo.clip_range": 0.17995845449470893,
        "ppo.ent_coef": 0.03235833422376082,
        "ppo.gae_lambda": 0.9547700580375093,
        "ppo.gamma": 0.9964105959518685,
        "ppo.learning_rate": 0.0001562510432110266,
        "ppo.vf_coef": 0.4097716089974705,
        "reward.drawdown_penalty_scale": 0.2380656551613536,
        "reward.overtrade_penalty_scale": 0.0029840663151784485,
        "reward.sharpe_weight": 0.2805472917354829
    },
    "per_seed": [
        {
            "annualized_return": -0.45163396071721074,
            "annualized_volatility": 0.1668980196304161,
            "average_drawdown": 0.07784788150250015,
            "average_loss": 17.40304172906143,
            "average_win": 12.64594392073439,
            "breaker_hit": true,
            "cagr": -0.45163396071721074,
            "calmar_ratio": -2.5402665361443124,
            "expectancy": -3.224431878219435,
            "experiment_dir": "C:\\Users\\Jalaj\\OneDrive\\Desktop\\project_draft\\warlock\\experiments\\ppo_baseline\\20260720_090331_pid13444_2c5be8",
            "final_capital": 8235.711815389548,
            "longest_drawdown": 1942,
            "max_drawdown": 0.17778998947201555,
            "minimum_capital": 8235.711815389548,
            "number_of_closing_trades": 373,
            "number_of_trades": 908,
            "peak_capital": 10016.55502844214,
            "profit_factor": 0.6491910617233899,
            "seed": 44,
            "sharpe_ratio": -3.5161317918435326,
            "sortino_ratio": -0.047988918963303116,
            "total_return": -0.17627039457333593,
            "win_rate": 0.4718498659517426
        },
        {
            "annualized_return": -0.2704773693258353,
            "annualized_volatility": 0.0655100009343967,
            "average_drawdown": 0.07891999107935821,
            "average_loss": 7.1139415499489465,
            "average_win": 5.781868429203733,
            "breaker_hit": true,
            "cagr": -0.2704773693258353,
            "calmar_ratio": -1.5291644025470985,
            "expectancy": -2.021749917155325,
            "experiment_dir": "C:\\Users\\Jalaj\\OneDrive\\Desktop\\project_draft\\warlock\\experiments\\ppo_baseline\\20260720_090725_pid13444_48a55a",
            "final_capital": 8229.727519803628,
            "longest_drawdown": 3732,
            "max_drawdown": 0.17687919551050665,
            "minimum_capital": 8229.727519803628,
            "number_of_closing_trades": 585,
            "number_of_trades": 1247,
            "peak_capital": 9998.201327091685,
            "profit_factor": 0.5303549541403638,
            "seed": 53,
            "sharpe_ratio": -4.781110036277447,
            "sortino_ratio": -0.06338437450680803,
            "total_return": -0.17687919551050668,
            "win_rate": 0.39487179487179486
        },
        {
            "annualized_return": -0.4234525678524339,
            "annualized_volatility": 0.18716856967995585,
            "average_drawdown": 0.05615811838760062,
            "average_loss": 16.724747944441653,
            "average_win": 22.974038615203966,
            "breaker_hit": true,
            "cagr": -0.4234525678524339,
            "calmar_ratio": -2.3927634251455046,
            "expectancy": -0.7421195892596479,
            "experiment_dir": "C:\\Users\\Jalaj\\OneDrive\\Desktop\\project_draft\\warlock\\experiments\\ppo_baseline\\20260720_091305_pid13444_ec85a6",
            "final_capital": 8272.745436457883,
            "longest_drawdown": 1048,
            "max_drawdown": 0.1769721834605039,
            "minimum_capital": 8272.745436457883,
            "number_of_closing_trades": 616,
            "number_of_trades": 1722,
            "peak_capital": 10051.59882838648,
            "profit_factor": 0.9257242223076186,
            "seed": 7,
            "sharpe_ratio": -2.8489192879441556,
            "sortino_ratio": -0.05029804630958071,
            "total_return": -0.17246371429150298,
            "win_rate": 0.4025974025974026
        }
    ],
    "pruned": false,
    "seeds": [
        44,
        53,
        7
    ],
    "sharpe_ratio": {
        "max": -2.8489192879441556,
        "mean": -3.7153870386883785,
        "median": -3.5161317918435326,
        "min": -4.781110036277447,
        "std": 0.8012978064916901
    },
    "timesteps": null,
    "total_return": {
        "max": -0.17246371429150298,
        "mean": -0.17520443479178185,
        "median": -0.17627039457333593,
        "min": -0.17687919551050668,
        "std": 0.0019538545307096096
    }
}