{
    "breaker_rate": 1.0,
    "group_name": "optuna_trial_0017",
    "overrides": {
        "env.max_drawdown": 0.21897801276626352,
        "portfolio.short.leverage": 3.4237481796481015,
        "portfolio.short.maintenance_margin_ratio": 0.07523721547335362,
        "ppo.batch_size": 64,
        "ppo.clip_range": 0.29246678966521444,
        "ppo.ent_coef": 0.014847101516541842,
        "ppo.gae_lambda": 0.9053844475820695,
        "ppo.gamma": 0.9934264452006787,
        "ppo.learning_rate": 2.6071580128520812e-05,
        "ppo.vf_coef": 0.5455479379556802,
        "reward.drawdown_penalty_scale": 0.07660766644324701,
        "reward.overtrade_penalty_scale": 0.016934576018836717,
        "reward.sharpe_weight": 0.3977246013951533
    },
    "per_seed": [
        {
            "annualized_return": -0.49713482150088295,
            "annualized_volatility": 0.12051896256949976,
            "average_drawdown": 0.10734690812241202,
            "average_loss": 9.836041065662135,
            "average_win": 8.49812609806701,
            "breaker_hit": true,
            "cagr": -0.49713482150088295,
            "calmar_ratio": -2.269490291105192,
            "expectancy": -2.1194453923204377,
            "experiment_dir": "C:\\Users\\Jalaj\\OneDrive\\Desktop\\project_draft\\warlock\\experiments\\ppo_baseline\\20260720_100018_pid7956_1991e8",
            "final_capital": 7935.817093206896,
            "longest_drawdown": 1632,
            "max_drawdown": 0.21905131008901085,
            "minimum_capital": 7935.817093206896,
            "number_of_closing_trades": 632,
            "number_of_trades": 1303,
            "peak_capital": 10161.765037484605,
            "profit_factor": 0.6279186595821925,
            "seed": 44,
            "sharpe_ratio": -5.6432992372279855,
            "sortino_ratio": -0.08050420460790522,
            "total_return": -0.2062311646613686,
            "win_rate": 0.4208860759493671
        }
    ],
    "pruned": true,
    "seeds": [
        44,
        53,
        7
    ],
    "sharpe_ratio": {
        "max": -5.6432992372279855,
        "mean": -5.6432992372279855,
        "median": -5.6432992372279855,
        "min": -5.6432992372279855,
        "std": 0.0
    },
    "timesteps": null,
    "total_return": {
        "max": -0.2062311646613686,
        "mean": -0.2062311646613686,
        "median": -0.2062311646613686,
        "min": -0.2062311646613686,
        "std": 0.0
    }
}