{
    "breaker_rate": 0.0,
    "group_name": "optuna_trial_0020",
    "overrides": {
        "env.max_drawdown": 0.24938944363678403,
        "portfolio.short.leverage": 3.189998643365758,
        "portfolio.short.maintenance_margin_ratio": 0.0986782521938062,
        "ppo.batch_size": 32,
        "ppo.clip_range": 0.1131515590993388,
        "ppo.ent_coef": 0.004511564360254672,
        "ppo.gae_lambda": 0.9377448566989591,
        "ppo.gamma": 0.9510950176794614,
        "ppo.learning_rate": 1.0656005031636689e-05,
        "ppo.vf_coef": 0.6450989546378929,
        "reward.drawdown_penalty_scale": 0.09154401680280506,
        "reward.overtrade_penalty_scale": 0.00014961298087752374,
        "reward.sharpe_weight": 0.004859058623729031
    },
    "per_seed": [
        {
            "annualized_return": -0.20306171442708298,
            "annualized_volatility": 0.08134284345341546,
            "average_drawdown": 0.13898755186729375,
            "average_loss": 12.289482689857726,
            "average_win": 9.07884527114385,
            "breaker_hit": false,
            "cagr": -0.20306171442708298,
            "calmar_ratio": -1.2110019472714257,
            "expectancy": -3.279475458438258,
            "experiment_dir": "C:\\Users\\Jalaj\\OneDrive\\Desktop\\project_draft\\warlock\\experiments\\ppo_baseline\\20260720_103239_pid7956_b6a637",
            "final_capital": 8526.239471583358,
            "longest_drawdown": 3851,
            "max_drawdown": 0.1676807497168872,
            "minimum_capital": 8506.114270353359,
            "number_of_closing_trades": 351,
            "number_of_trades": 878,
            "peak_capital": 10219.773563401315,
            "profit_factor": 0.5385954619563286,
            "seed": 44,
            "sharpe_ratio": -2.749587192453066,
            "sortino_ratio": -0.033957582798020414,
            "total_return": -0.14736612967720686,
            "win_rate": 0.42165242165242167
        }
    ],
    "pruned": true,
    "seeds": [
        44,
        53,
        7
    ],
    "sharpe_ratio": {
        "max": -2.749587192453066,
        "mean": -2.749587192453066,
        "median": -2.749587192453066,
        "min": -2.749587192453066,
        "std": 0.0
    },
    "timesteps": null,
    "total_return": {
        "max": -0.14736612967720686,
        "mean": -0.14736612967720686,
        "median": -0.14736612967720686,
        "min": -0.14736612967720686,
        "std": 0.0
    }
}