{
    "breaker_rate": 1.0,
    "group_name": "optuna_trial_0018",
    "overrides": {
        "env.max_drawdown": 0.2930873987924381,
        "portfolio.short.leverage": 3.064192270594314,
        "portfolio.short.maintenance_margin_ratio": 0.05028515019700179,
        "ppo.batch_size": 128,
        "ppo.clip_range": 0.20589622961540854,
        "ppo.ent_coef": 0.00021694212052500257,
        "ppo.gae_lambda": 0.90449745162982,
        "ppo.gamma": 0.9511878335070124,
        "ppo.learning_rate": 7.802839084734714e-05,
        "ppo.vf_coef": 0.5079975383542806,
        "reward.drawdown_penalty_scale": 0.05157741109409693,
        "reward.overtrade_penalty_scale": 0.033238098699819224,
        "reward.sharpe_weight": 0.23087516216094514
    },
    "per_seed": [
        {
            "annualized_return": -0.5919349675756618,
            "annualized_volatility": 0.13289518838961678,
            "average_drawdown": 0.14598423006326666,
            "average_loss": 10.194126648182726,
            "average_win": 7.080373051989446,
            "breaker_hit": true,
            "cagr": -0.5919349675756618,
            "calmar_ratio": -1.9846087797427592,
            "expectancy": -2.5328965259921516,
            "experiment_dir": "C:\\Users\\Jalaj\\OneDrive\\Desktop\\project_draft\\warlock\\experiments\\ppo_baseline\\20260720_100716_pid7956_808a41",
            "final_capital": 7089.705203944612,
            "longest_drawdown": 2267,
            "max_drawdown": 0.29826279799708794,
            "minimum_capital": 7089.705203944612,
            "number_of_closing_trades": 823,
            "number_of_trades": 1753,
            "peak_capital": 10103.077311148727,
            "profit_factor": 0.5535202351901801,
            "seed": 44,
            "sharpe_ratio": -6.677493488027988,
            "sortino_ratio": -0.08836245597772754,
            "total_return": -0.29095040308869613,
            "win_rate": 0.44349939246658565
        }
    ],
    "pruned": true,
    "seeds": [
        44,
        53,
        7
    ],
    "sharpe_ratio": {
        "max": -6.677493488027988,
        "mean": -6.677493488027988,
        "median": -6.677493488027988,
        "min": -6.677493488027988,
        "std": 0.0
    },
    "timesteps": null,
    "total_return": {
        "max": -0.29095040308869613,
        "mean": -0.29095040308869613,
        "median": -0.29095040308869613,
        "min": -0.29095040308869613,
        "std": 0.0
    }
}