{
    "breaker_rate": 1.0,
    "group_name": "optuna_trial_0015",
    "overrides": {
        "env.max_drawdown": 0.3499031480416823,
        "portfolio.short.leverage": 2.6851870847098667,
        "portfolio.short.maintenance_margin_ratio": 0.056848903246698154,
        "ppo.batch_size": 64,
        "ppo.clip_range": 0.1901225483493736,
        "ppo.ent_coef": 0.01195217741259359,
        "ppo.gae_lambda": 0.9890075924807976,
        "ppo.gamma": 0.9935096072036689,
        "ppo.learning_rate": 0.0002109960148133499,
        "ppo.vf_coef": 0.33979210587852116,
        "reward.drawdown_penalty_scale": 0.1492554633445477,
        "reward.overtrade_penalty_scale": 0.00064835496665824,
        "reward.sharpe_weight": 0.03667397533042699
    },
    "per_seed": [
        {
            "annualized_return": -0.7341268061415624,
            "annualized_volatility": 0.3400733228287009,
            "average_drawdown": 0.1438953486543147,
            "average_loss": 74.63654302349532,
            "average_win": 81.34871863252326,
            "breaker_hit": true,
            "cagr": -0.7341268061415624,
            "calmar_ratio": -2.0954995209839566,
            "expectancy": -16.02389924971865,
            "experiment_dir": "C:\\Users\\Jalaj\\OneDrive\\Desktop\\project_draft\\warlock\\experiments\\ppo_baseline\\20260720_094019_pid26088_877db7",
            "final_capital": 6791.262730350044,
            "longest_drawdown": 1373,
            "max_drawdown": 0.35033499115134514,
            "minimum_capital": 6791.262730350044,
            "number_of_closing_trades": 165,
            "number_of_trades": 762,
            "peak_capital": 10453.483930719329,
            "profit_factor": 0.6560752665226686,
            "seed": 44,
            "sharpe_ratio": -3.7247690060355043,
            "sortino_ratio": -0.057331437573136794,
            "total_return": -0.3207862152504978,
            "win_rate": 0.37575757575757573
        }
    ],
    "pruned": true,
    "seeds": [
        44,
        53,
        7
    ],
    "sharpe_ratio": {
        "max": -3.7247690060355043,
        "mean": -3.7247690060355043,
        "median": -3.7247690060355043,
        "min": -3.7247690060355043,
        "std": 0.0
    },
    "timesteps": null,
    "total_return": {
        "max": -0.3207862152504978,
        "mean": -0.3207862152504978,
        "median": -0.3207862152504978,
        "min": -0.3207862152504978,
        "std": 0.0
    }
}