{
    "breaker_rate": 0.0,
    "group_name": "optuna_trial_0004",
    "overrides": {
        "env.max_drawdown": 0.30091297388998395,
        "portfolio.short.leverage": 3.0357019928360742,
        "portfolio.short.maintenance_margin_ratio": 0.07514994008058741,
        "ppo.batch_size": 128,
        "ppo.clip_range": 0.14779482952909245,
        "ppo.ent_coef": 0.04467406620737636,
        "ppo.gae_lambda": 0.9220004372348195,
        "ppo.gamma": 0.9546757465209202,
        "ppo.learning_rate": 9.83281372131627e-05,
        "ppo.n_steps": 4096,
        "ppo.vf_coef": 0.3289991781006189,
        "reward.drawdown_penalty_scale": 0.09946136862015462,
        "reward.overtrade_penalty_scale": 0.001475605712718954,
        "reward.sharpe_weight": 0.17244710425203724
    },
    "per_seed": [
        {
            "annualized_return": -0.18058523148948624,
            "annualized_volatility": 0.15457806120091488,
            "average_drawdown": 0.1340485564239201,
            "average_loss": 41.09793881024944,
            "average_win": 43.23936586011588,
            "breaker_hit": false,
            "cagr": -0.18058523148948624,
            "calmar_ratio": -1.084720297499427,
            "expectancy": -5.094294126409277,
            "experiment_dir": "/teamspace/studios/this_studio/warlock/experiments/ppo_baseline/20260719_213437",
            "final_capital": 8692.995940242166,
            "longest_drawdown": 3820,
            "max_drawdown": 0.1664809185425809,
            "minimum_capital": 8687.411115325782,
            "number_of_closing_trades": 171,
            "number_of_trades": 580,
            "peak_capital": 10422.570170962048,
            "profit_factor": 0.7837112107813038,
            "seed": 77,
            "sharpe_ratio": -1.2111579906514502,
            "sortino_ratio": -0.016685203492583647,
            "total_return": -0.1305458042777884,
            "win_rate": 0.4269005847953216
        },
        {
            "annualized_return": -0.30334687024838014,
            "annualized_volatility": 0.12791865447921405,
            "average_drawdown": 0.1295494470811632,
            "average_loss": 8.149976470455227,
            "average_win": 8.073073388501873,
            "breaker_hit": false,
            "cagr": -0.30334687024838014,
            "calmar_ratio": -1.3204538137551465,
            "expectancy": -0.5943629768215586,
            "experiment_dir": "/teamspace/studios/this_studio/warlock/experiments/ppo_baseline/20260719_213548",
            "final_capital": 7757.7868829409435,
            "longest_drawdown": 4243,
            "max_drawdown": 0.2297292545096395,
            "minimum_capital": 7703.912206861869,
            "number_of_closing_trades": 1357,
            "number_of_trades": 2794,
            "peak_capital": 10001.564062980864,
            "profit_factor": 0.8634985592360468,
            "seed": 123,
            "sharpe_ratio": -2.7618143353929154,
            "sortino_ratio": -0.04168425568472992,
            "total_return": -0.22422131170590565,
            "win_rate": 0.4657332350773766
        },
        {
            "annualized_return": -0.25703902835712367,
            "annualized_volatility": 0.08527032095623847,
            "average_drawdown": 0.11743407928282375,
            "average_loss": 5.843111193537026,
            "average_win": 5.94485756498848,
            "breaker_hit": false,
            "cagr": -0.2570390283571238,
            "calmar_ratio": -1.1316090137570385,
            "expectancy": -0.8445401339953249,
            "experiment_dir": "/teamspace/studios/this_studio/warlock/experiments/ppo_baseline/20260719_214032",
            "final_capital": 8116.245317999722,
            "longest_drawdown": 3584,
            "max_drawdown": 0.22714473394280607,
            "minimum_capital": 8094.601194885119,
            "number_of_closing_trades": 1198,
            "number_of_trades": 2526,
            "peak_capital": 10473.631416371938,
            "profit_factor": 0.749051924661104,
            "seed": 73,
            "sharpe_ratio": -3.4417628557896607,
            "sortino_ratio": -0.05173900815886738,
            "total_return": -0.18834965694535044,
            "win_rate": 0.4240400667779633
        }
    ],
    "seeds": [
        77,
        123,
        73
    ],
    "sharpe_ratio": {
        "max": -1.2111579906514502,
        "mean": -2.4715783939446756,
        "median": -2.7618143353929154,
        "min": -3.4417628557896607,
        "std": 0.9334799381439407
    },
    "timesteps": null,
    "total_return": {
        "max": -0.1305458042777884,
        "mean": -0.1810389243096815,
        "median": -0.18834965694535044,
        "min": -0.22422131170590565,
        "std": 0.038590674881647156
    }
}