{
    "breaker_rate": 0.6666666666666666,
    "group_name": "optuna_trial_0017",
    "overrides": {
        "env.max_drawdown": 0.31955763691031386,
        "portfolio.short.leverage": 2.668496024967554,
        "portfolio.short.maintenance_margin_ratio": 0.0880024099094811,
        "ppo.batch_size": 64,
        "ppo.clip_range": 0.2590608431866416,
        "ppo.ent_coef": 0.014541511642770476,
        "ppo.gae_lambda": 0.9050310800207676,
        "ppo.gamma": 0.9500170267471676,
        "ppo.learning_rate": 2.3427934769991814e-05,
        "ppo.n_steps": 2048,
        "ppo.vf_coef": 0.38475824953637544,
        "reward.drawdown_penalty_scale": 0.06522986604573808,
        "reward.overtrade_penalty_scale": 0.0016090446112634665,
        "reward.sharpe_weight": 0.32631470888849395
    },
    "per_seed": [
        {
            "annualized_return": -0.5982642007723513,
            "annualized_volatility": 0.31678512957641003,
            "average_drawdown": 0.16699119782079347,
            "average_loss": 58.419405765041255,
            "average_win": 43.92204129727307,
            "breaker_hit": true,
            "cagr": -0.5982642007723513,
            "calmar_ratio": -1.8663427361425933,
            "expectancy": -9.098226457901823,
            "experiment_dir": "/teamspace/studios/this_studio/warlock/experiments/ppo_baseline/20260719_233547",
            "final_capital": 7142.223643516299,
            "longest_drawdown": 1803,
            "max_drawdown": 0.32055430612324703,
            "minimum_capital": 7142.223643516299,
            "number_of_closing_trades": 249,
            "number_of_trades": 935,
            "peak_capital": 10511.838853175293,
            "profit_factor": 0.6993859711445795,
            "seed": 77,
            "sharpe_ratio": -2.720059697273348,
            "sortino_ratio": -0.042730109198076904,
            "total_return": -0.2856670502631725,
            "win_rate": 0.4819277108433735
        },
        {
            "annualized_return": -0.7074091105477373,
            "annualized_volatility": 0.20513362799516452,
            "average_drawdown": 0.18399780714711753,
            "average_loss": 12.302005925876058,
            "average_win": 10.271988179632528,
            "breaker_hit": true,
            "cagr": -0.7074091105477373,
            "calmar_ratio": -2.2014242365548586,
            "expectancy": -2.6315242938584387,
            "experiment_dir": "/teamspace/studios/this_studio/warlock/experiments/ppo_baseline/20260719_233715",
            "final_capital": 6801.41847726248,
            "longest_drawdown": 1880,
            "max_drawdown": 0.32134156551978565,
            "minimum_capital": 6801.41847726248,
            "number_of_closing_trades": 789,
            "number_of_trades": 1671,
            "peak_capital": 10021.85802416454,
            "profit_factor": 0.6257757616406546,
            "seed": 123,
            "sharpe_ratio": -5.88768120648861,
            "sortino_ratio": -0.08546873438256777,
            "total_return": -0.31973677044729265,
            "win_rate": 0.42839036755386567
        },
        {
            "annualized_return": -0.3383194948239219,
            "annualized_volatility": 0.1393443250142088,
            "average_drawdown": 0.14123742920255644,
            "average_loss": 8.41056513752947,
            "average_win": 8.433342387193461,
            "breaker_hit": false,
            "cagr": -0.3383194948239219,
            "calmar_ratio": -1.3125013940161634,
            "expectancy": -0.983228613974497,
            "experiment_dir": "/teamspace/studios/this_studio/warlock/experiments/ppo_baseline/20260719_234041",
            "final_capital": 7481.332753821718,
            "longest_drawdown": 4214,
            "max_drawdown": 0.257766960375324,
            "minimum_capital": 7462.93750958685,
            "number_of_closing_trades": 1304,
            "number_of_trades": 3021,
            "peak_capital": 10054.709385290398,
            "profit_factor": 0.7908877892974003,
            "seed": 73,
            "sharpe_ratio": -2.8939379498047137,
            "sortino_ratio": -0.04333655314867911,
            "total_return": -0.2517843121621419,
            "win_rate": 0.4409509202453988
        }
    ],
    "seeds": [
        77,
        123,
        73
    ],
    "sharpe_ratio": {
        "max": -2.720059697273348,
        "mean": -3.8338929511888904,
        "median": -2.8939379498047137,
        "min": -5.88768120648861,
        "std": 1.453981444145956
    },
    "timesteps": null,
    "total_return": {
        "max": -0.2517843121621419,
        "mean": -0.28572937762420236,
        "median": -0.2856670502631725,
        "min": -0.31973677044729265,
        "std": 0.027741509935759173
    }
}