{
    "breaker_rate": 1.0,
    "group_name": "optuna_trial_0012",
    "overrides": {
        "env.max_drawdown": 0.29099991974952655,
        "portfolio.short.leverage": 3.4130100507547323,
        "portfolio.short.maintenance_margin_ratio": 0.03492741181754701,
        "ppo.batch_size": 32,
        "ppo.clip_range": 0.25960438142708653,
        "ppo.ent_coef": 0.00114608856604175,
        "ppo.gae_lambda": 0.9704303584711316,
        "ppo.gamma": 0.9730345584917717,
        "ppo.learning_rate": 5.023689438759472e-05,
        "ppo.vf_coef": 0.6991440905600661,
        "reward.drawdown_penalty_scale": 0.14992911930788003,
        "reward.overtrade_penalty_scale": 0.004656080562898969,
        "reward.sharpe_weight": 0.43546114714031264
    },
    "per_seed": [
        {
            "annualized_return": -0.5057063452227338,
            "annualized_volatility": 0.14870402648759257,
            "average_drawdown": 0.14682848143816699,
            "average_loss": 9.922867806260768,
            "average_win": 11.707752810995405,
            "breaker_hit": true,
            "cagr": -0.5057063452227337,
            "calmar_ratio": -1.7362944138834213,
            "expectancy": -1.1957594880053177,
            "experiment_dir": "C:\\Users\\Jalaj\\OneDrive\\Desktop\\project_draft\\warlock\\experiments\\ppo_baseline\\20260720_091554_pid13444_e01695",
            "final_capital": 7092.03154200199,
            "longest_drawdown": 2937,
            "max_drawdown": 0.29125610333080765,
            "minimum_capital": 7092.03154200199,
            "number_of_closing_trades": 1098,
            "number_of_trades": 2358,
            "peak_capital": 10006.479879871487,
            "profit_factor": 0.7979924181018315,
            "seed": 44,
            "sharpe_ratio": -4.663841758883992,
            "sortino_ratio": -0.07547605593301904,
            "total_return": -0.29060431645729756,
            "win_rate": 0.4034608378870674
        }
    ],
    "pruned": true,
    "seeds": [
        44,
        53,
        7
    ],
    "sharpe_ratio": {
        "max": -4.663841758883992,
        "mean": -4.663841758883992,
        "median": -4.663841758883992,
        "min": -4.663841758883992,
        "std": 0.0
    },
    "timesteps": null,
    "total_return": {
        "max": -0.29060431645729756,
        "mean": -0.29060431645729756,
        "median": -0.29060431645729756,
        "min": -0.29060431645729756,
        "std": 0.0
    }
}