{
    "breaker_rate": 0.3333333333333333,
    "group_name": "optuna_trial_0006",
    "overrides": {
        "env.max_drawdown": 0.3493674680716031,
        "portfolio.short.leverage": 4.496582304547322,
        "portfolio.short.maintenance_margin_ratio": 0.02312854482130187,
        "ppo.batch_size": 128,
        "ppo.clip_range": 0.2874677944570426,
        "ppo.ent_coef": 0.00011681681461304136,
        "ppo.gae_lambda": 0.9820383609141772,
        "ppo.gamma": 0.9585694788158176,
        "ppo.learning_rate": 2.9048333887942184e-05,
        "ppo.n_steps": 1024,
        "ppo.vf_coef": 0.5598509114998143,
        "reward.drawdown_penalty_scale": 0.0920887339320429,
        "reward.overtrade_penalty_scale": 0.018021110307175008,
        "reward.sharpe_weight": 0.40298656375832703
    },
    "per_seed": [
        {
            "annualized_return": -0.6347634403149272,
            "annualized_volatility": 0.3220125410983399,
            "average_drawdown": 0.16605744233277392,
            "average_loss": 72.69832582948443,
            "average_win": 61.43955629778597,
            "breaker_hit": true,
            "cagr": -0.6347634403149272,
            "calmar_ratio": -1.8058815030366506,
            "expectancy": -11.167187238993417,
            "experiment_dir": "/teamspace/studios/this_studio/warlock/experiments/ppo_baseline/20260719_215644",
            "final_capital": 6886.141464096799,
            "longest_drawdown": 1846,
            "max_drawdown": 0.35149783595853384,
            "minimum_capital": 6886.141464096799,
            "number_of_closing_trades": 218,
            "number_of_trades": 931,
            "peak_capital": 10618.532745029497,
            "profit_factor": 0.7162120997596196,
            "seed": 77,
            "sharpe_ratio": -2.96639186364882,
            "sortino_ratio": -0.045965992162039254,
            "total_return": -0.3112481376382308,
            "win_rate": 0.45871559633027525
        },
        {
            "annualized_return": -0.26505115453444017,
            "annualized_volatility": 0.1469127055742212,
            "average_drawdown": 0.17706263194371707,
            "average_loss": 15.178736758332517,
            "average_win": 18.56294747962914,
            "breaker_hit": false,
            "cagr": -0.2650511545344403,
            "calmar_ratio": -1.032139323631995,
            "expectancy": -1.0934230889030392,
            "experiment_dir": "/teamspace/studios/this_studio/warlock/experiments/ppo_baseline/20260719_215803",
            "final_capital": 8053.315195032024,
            "longest_drawdown": 3584,
            "max_drawdown": 0.2567978454708534,
            "minimum_capital": 7888.965167525318,
            "number_of_closing_trades": 642,
            "number_of_trades": 1471,
            "peak_capital": 10614.83086324386,
            "profit_factor": 0.8763437599499209,
            "seed": 123,
            "sharpe_ratio": -2.0228160432268116,
            "sortino_ratio": -0.029141155970242368,
            "total_return": -0.19450742223574635,
            "win_rate": 0.4174454828660436
        },
        {
            "annualized_return": -0.04851830706140525,
            "annualized_volatility": 0.08158959085413141,
            "average_drawdown": 0.022187971484545474,
            "average_loss": 8.490203163883358,
            "average_win": 12.19069478566529,
            "breaker_hit": false,
            "cagr": -0.04851830706140525,
            "calmar_ratio": -0.6745850299915848,
            "expectancy": 0.7464900214487624,
            "experiment_dir": "/teamspace/studios/this_studio/warlock/experiments/ppo_baseline/20260719_220143",
            "final_capital": 9654.569549600466,
            "longest_drawdown": 4247,
            "max_drawdown": 0.0719231896711531,
            "minimum_capital": 9278.71763137739,
            "number_of_closing_trades": 356,
            "number_of_trades": 808,
            "peak_capital": 9997.790622620609,
            "profit_factor": 1.158887486883097,
            "seed": 73,
            "sharpe_ratio": -0.568842373840324,
            "sortino_ratio": -0.008264047969778913,
            "total_return": -0.0343296920265147,
            "win_rate": 0.44662921348314605
        }
    ],
    "seeds": [
        77,
        123,
        73
    ],
    "sharpe_ratio": {
        "max": -0.568842373840324,
        "mean": -1.8526834269053183,
        "median": -2.0228160432268116,
        "min": -2.96639186364882,
        "std": 0.9861608115557834
    },
    "timesteps": null,
    "total_return": {
        "max": -0.0343296920265147,
        "mean": -0.18002841730016395,
        "median": -0.19450742223574635,
        "min": -0.3112481376382308,
        "std": 0.11351413294665325
    }
}