{
    "breaker_rate": 0.3333333333333333,
    "group_name": "optuna_trial_0012",
    "overrides": {
        "env.max_drawdown": 0.3977741480748177,
        "portfolio.short.leverage": 2.4636320637957874,
        "portfolio.short.maintenance_margin_ratio": 0.041029839326648,
        "ppo.batch_size": 64,
        "ppo.clip_range": 0.21499595819401068,
        "ppo.ent_coef": 0.0006180275951746806,
        "ppo.gae_lambda": 0.9089951721075696,
        "ppo.gamma": 0.9731818998166442,
        "ppo.learning_rate": 0.0001385048067833213,
        "ppo.n_steps": 4096,
        "ppo.vf_coef": 0.3079604850002769,
        "reward.drawdown_penalty_scale": 0.050496144620207004,
        "reward.overtrade_penalty_scale": 0.048905250979059484,
        "reward.sharpe_weight": 0.011143691971715775
    },
    "per_seed": [
        {
            "annualized_return": -0.5418051020509971,
            "annualized_volatility": 0.1784525643047416,
            "average_drawdown": 0.2216597496227335,
            "average_loss": 11.805800997157093,
            "average_win": 10.59870149953289,
            "breaker_hit": true,
            "cagr": -0.541805102050997,
            "calmar_ratio": -1.3575450404306775,
            "expectancy": -2.0841465472217875,
            "experiment_dir": "/teamspace/studios/this_studio/warlock/experiments/ppo_baseline/20260719_225158",
            "final_capital": 6036.295333481228,
            "longest_drawdown": 3878,
            "max_drawdown": 0.3991065385787207,
            "minimum_capital": 6036.295333481228,
            "number_of_closing_trades": 1203,
            "number_of_trades": 2667,
            "peak_capital": 10045.533394894528,
            "profit_factor": 0.6881460061681275,
            "seed": 77,
            "sharpe_ratio": -4.283781439560802,
            "sortino_ratio": -0.0619699661097217,
            "total_return": -0.39615312567211514,
            "win_rate": 0.4339152119700748
        },
        {
            "annualized_return": -0.32781675483536477,
            "annualized_volatility": 0.11016376914322416,
            "average_drawdown": 0.18217771115792375,
            "average_loss": 10.46898821126322,
            "average_win": 9.571374633761868,
            "breaker_hit": false,
            "cagr": -0.3278167548353649,
            "calmar_ratio": -1.2886385194393404,
            "expectancy": -2.8283975304459,
            "experiment_dir": "/teamspace/studios/this_studio/warlock/experiments/ppo_baseline/20260719_225420",
            "final_capital": 7564.50873599174,
            "longest_drawdown": 4212,
            "max_drawdown": 0.2543900014551722,
            "minimum_capital": 7519.79150832609,
            "number_of_closing_trades": 619,
            "number_of_trades": 1357,
            "peak_capital": 10085.422034310317,
            "profit_factor": 0.5633558825217818,
            "seed": 123,
            "sharpe_ratio": -3.55064694778389,
            "sortino_ratio": -0.04743174243030473,
            "total_return": -0.24346219593781482,
            "win_rate": 0.38126009693053314
        },
        {
            "annualized_return": -0.2650049627163732,
            "annualized_volatility": 0.24229284914801033,
            "average_drawdown": 0.17841721515929385,
            "average_loss": 27.506460759198212,
            "average_win": 32.399895714662485,
            "breaker_hit": false,
            "cagr": -0.2650049627163732,
            "calmar_ratio": -0.933806457552843,
            "expectancy": -1.1514022168757219,
            "experiment_dir": "/teamspace/studios/this_studio/warlock/experiments/ppo_baseline/20260719_225908",
            "final_capital": 8054.74534722276,
            "longest_drawdown": 3855,
            "max_drawdown": 0.28379003012128656,
            "minimum_capital": 7692.985876136232,
            "number_of_closing_trades": 641,
            "number_of_trades": 2102,
            "peak_capital": 10741.243768833601,
            "profit_factor": 0.9252595120798682,
            "seed": 73,
            "sharpe_ratio": -1.1495922255185098,
            "sortino_ratio": -0.01826719077487148,
            "total_return": -0.1944718641681834,
            "win_rate": 0.43993759750390016
        }
    ],
    "seeds": [
        77,
        123,
        73
    ],
    "sharpe_ratio": {
        "max": -1.1495922255185098,
        "mean": -2.994673537621067,
        "median": -3.55064694778389,
        "min": -4.283781439560802,
        "std": 1.3385602543929602
    },
    "timesteps": null,
    "total_return": {
        "max": -0.1944718641681834,
        "mean": -0.27802906192603777,
        "median": -0.24346219593781482,
        "min": -0.39615312567211514,
        "std": 0.08588746116727458
    }
}