{
    "breaker_rate": 1.0,
    "group_name": "optuna_trial_0010",
    "overrides": {
        "env.max_drawdown": 0.33557191549446674,
        "portfolio.short.leverage": 2.2079661868160105,
        "portfolio.short.maintenance_margin_ratio": 0.09952192554063255,
        "ppo.batch_size": 128,
        "ppo.clip_range": 0.21249032510951443,
        "ppo.ent_coef": 0.0007993023994699848,
        "ppo.gae_lambda": 0.9017855792038922,
        "ppo.gamma": 0.9978416755134747,
        "ppo.learning_rate": 0.00014937233342296268,
        "ppo.n_steps": 2048,
        "ppo.vf_coef": 0.6175375554975042,
        "reward.drawdown_penalty_scale": 0.3689600343755661,
        "reward.overtrade_penalty_scale": 0.004102263401305548,
        "reward.sharpe_weight": 0.28874508234343255
    },
    "per_seed": [
        {
            "annualized_return": -0.6539704466828293,
            "annualized_volatility": 0.18782701504869548,
            "average_drawdown": 0.17978055925434985,
            "average_loss": 11.973387582499026,
            "average_win": 12.565144592544145,
            "breaker_hit": true,
            "cagr": -0.6539704466828293,
            "calmar_ratio": -1.9296282634955315,
            "expectancy": -1.971409314741197,
            "experiment_dir": "/teamspace/studios/this_studio/warlock/experiments/ppo_baseline/20260719_223112",
            "final_capital": 6658.029324859184,
            "longest_drawdown": 2284,
            "max_drawdown": 0.33891006835594256,
            "minimum_capital": 6658.029324859184,
            "number_of_closing_trades": 947,
            "number_of_trades": 2054,
            "peak_capital": 10071.291372266709,
            "profit_factor": 0.722062670108289,
            "seed": 77,
            "sharpe_ratio": -5.555592555520988,
            "sortino_ratio": -0.08394739313631054,
            "total_return": -0.3341794340338722,
            "win_rate": 0.40760295670538543
        },
        {
            "annualized_return": -0.648791728931728,
            "annualized_volatility": 0.3014447576805283,
            "average_drawdown": 0.17604304718751937,
            "average_loss": 33.25119554627263,
            "average_win": 25.91205902772269,
            "breaker_hit": true,
            "cagr": -0.648791728931728,
            "calmar_ratio": -1.9282093769965873,
            "expectancy": -5.571712807662852,
            "experiment_dir": "/teamspace/studios/this_studio/warlock/experiments/ppo_baseline/20260719_223335",
            "final_capital": 6744.875894186814,
            "longest_drawdown": 2203,
            "max_drawdown": 0.33647369246917436,
            "minimum_capital": 6744.875894186814,
            "number_of_closing_trades": 451,
            "number_of_trades": 1384,
            "peak_capital": 10165.197397050402,
            "profit_factor": 0.6851187810727171,
            "seed": 123,
            "sharpe_ratio": -3.320027477094774,
            "sortino_ratio": -0.05104138253204267,
            "total_return": -0.32537751979954543,
            "win_rate": 0.4678492239467849
        },
        {
            "annualized_return": -0.6785035749987653,
            "annualized_volatility": 0.22243077830648134,
            "average_drawdown": 0.14707339708568798,
            "average_loss": 17.80593557645012,
            "average_win": 12.732165276746496,
            "breaker_hit": true,
            "cagr": -0.6785035749987653,
            "calmar_ratio": -2.0153001180299297,
            "expectancy": -3.6258766066805244,
            "experiment_dir": "/teamspace/studios/this_studio/warlock/experiments/ppo_baseline/20260719_223544",
            "final_capital": 6783.469850764873,
            "longest_drawdown": 1675,
            "max_drawdown": 0.33667619474068267,
            "minimum_capital": 6783.469850764873,
            "number_of_closing_trades": 659,
            "number_of_trades": 1519,
            "peak_capital": 10226.483350937433,
            "profit_factor": 0.619846553765808,
            "seed": 73,
            "sharpe_ratio": -4.989800713287141,
            "sortino_ratio": -0.07384806823776634,
            "total_return": -0.321596405189714,
            "win_rate": 0.464339908952959
        }
    ],
    "seeds": [
        77,
        123,
        73
    ],
    "sharpe_ratio": {
        "max": -3.320027477094774,
        "mean": -4.621806915300968,
        "median": -4.989800713287141,
        "min": -5.555592555520988,
        "std": 0.9490354336507208
    },
    "timesteps": null,
    "total_return": {
        "max": -0.321596405189714,
        "mean": -0.3270511196743772,
        "median": -0.32537751979954543,
        "min": -0.3341794340338722,
        "std": 0.005271549811899526
    }
}