{
    "breaker_rate": 0.6666666666666666,
    "group_name": "optuna_trial_0016",
    "overrides": {
        "env.max_drawdown": 0.2319733469683472,
        "portfolio.short.leverage": 1.7760072654835706,
        "portfolio.short.maintenance_margin_ratio": 0.05527918900484096,
        "ppo.batch_size": 128,
        "ppo.clip_range": 0.18021008966545918,
        "ppo.ent_coef": 0.0003425906425243031,
        "ppo.gae_lambda": 0.9238894749270068,
        "ppo.gamma": 0.9656132646258058,
        "ppo.learning_rate": 8.127585459962785e-05,
        "ppo.n_steps": 4096,
        "ppo.vf_coef": 0.4938472019561134,
        "reward.drawdown_penalty_scale": 0.21616383647266602,
        "reward.overtrade_penalty_scale": 0.010783220654386487,
        "reward.sharpe_weight": 0.17916604968573607
    },
    "per_seed": [
        {
            "annualized_return": -0.6612415743336006,
            "annualized_volatility": 0.2861445587877091,
            "average_drawdown": 0.09285162622153832,
            "average_loss": 36.10766718373075,
            "average_win": 29.133052285843533,
            "breaker_hit": true,
            "cagr": -0.6612415743336006,
            "calmar_ratio": -2.819898073238018,
            "expectancy": -7.14429845060136,
            "experiment_dir": "/teamspace/studios/this_studio/warlock/experiments/ppo_baseline/20260719_233153",
            "final_capital": 7975.623523870725,
            "longest_drawdown": 870,
            "max_drawdown": 0.23449130328824744,
            "minimum_capital": 7975.623523870725,
            "number_of_closing_trades": 223,
            "number_of_trades": 647,
            "peak_capital": 10418.723599261597,
            "profit_factor": 0.6441693648141732,
            "seed": 77,
            "sharpe_ratio": -3.639428818575696,
            "sortino_ratio": -0.05810928308698744,
            "total_return": -0.20232267051341357,
            "win_rate": 0.4439461883408072
        },
        {
            "annualized_return": -0.6941354258723971,
            "annualized_volatility": 0.23877859742024,
            "average_drawdown": 0.10876164111916137,
            "average_loss": 21.823211526451228,
            "average_win": 18.19830062543114,
            "breaker_hit": true,
            "cagr": -0.6941354258723971,
            "calmar_ratio": -2.9768123535567867,
            "expectancy": -5.127846989719234,
            "experiment_dir": "/teamspace/studios/this_studio/warlock/experiments/ppo_baseline/20260719_233230",
            "final_capital": 7730.779889535089,
            "longest_drawdown": 1259,
            "max_drawdown": 0.23318077978379215,
            "minimum_capital": 7730.779889535089,
            "number_of_closing_trades": 338,
            "number_of_trades": 941,
            "peak_capital": 10081.619873006526,
            "profit_factor": 0.5968498091893331,
            "seed": 123,
            "sharpe_ratio": -4.841220038026523,
            "sortino_ratio": -0.07429720013030229,
            "total_return": -0.22676740316943378,
            "win_rate": 0.4171597633136095
        },
        {
            "annualized_return": -0.21786143211588127,
            "annualized_volatility": 0.16537464494710544,
            "average_drawdown": 0.0985837504744986,
            "average_loss": 16.11719732437373,
            "average_win": 21.989132065114187,
            "breaker_hit": false,
            "cagr": -0.21786143211588127,
            "calmar_ratio": -1.3405399259477457,
            "expectancy": -0.5731420890983028,
            "experiment_dir": "/teamspace/studios/this_studio/warlock/experiments/ppo_baseline/20260719_233430",
            "final_capital": 8414.42963684428,
            "longest_drawdown": 4232,
            "max_drawdown": 0.16251767507920797,
            "minimum_capital": 8404.300035722434,
            "number_of_closing_trades": 733,
            "number_of_trades": 1775,
            "peak_capital": 10035.196905818044,
            "profit_factor": 0.9399397653758353,
            "seed": 73,
            "sharpe_ratio": -1.4032018008178508,
            "sortino_ratio": -0.02070409927134373,
            "total_return": -0.15851863094671104,
            "win_rate": 0.40791268758526605
        }
    ],
    "seeds": [
        77,
        123,
        73
    ],
    "sharpe_ratio": {
        "max": -1.4032018008178508,
        "mean": -3.2946168858066898,
        "median": -3.639428818575696,
        "min": -4.841220038026523,
        "std": 1.4245850393663833
    },
    "timesteps": null,
    "total_return": {
        "max": -0.15851863094671104,
        "mean": -0.1958695682098528,
        "median": -0.20232267051341357,
        "min": -0.22676740316943378,
        "std": 0.028233616186884254
    }
}