{
    "breaker_rate": 0.6666666666666666,
    "group_name": "optuna_trial_0008",
    "overrides": {
        "env.max_drawdown": 0.16203192158052773,
        "portfolio.short.leverage": 2.736954937482694,
        "portfolio.short.maintenance_margin_ratio": 0.0696526731830453,
        "ppo.batch_size": 32,
        "ppo.clip_range": 0.2816544021096414,
        "ppo.ent_coef": 0.0038198551130277864,
        "ppo.gae_lambda": 0.9221608758910215,
        "ppo.gamma": 0.9870957045028198,
        "ppo.learning_rate": 1.204620390753548e-05,
        "ppo.vf_coef": 0.3705638436337229,
        "reward.drawdown_penalty_scale": 0.4430227776916607,
        "reward.overtrade_penalty_scale": 0.002020413136397246,
        "reward.sharpe_weight": 0.3723240129562093
    },
    "per_seed": [
        {
            "annualized_return": -0.4185040856454604,
            "annualized_volatility": 0.1051193149072198,
            "average_drawdown": 0.06342379014418646,
            "average_loss": 7.850506098692542,
            "average_win": 8.232196753875204,
            "breaker_hit": true,
            "cagr": -0.4185040856454604,
            "calmar_ratio": -2.4970401939956774,
            "expectancy": -1.658235481661111,
            "experiment_dir": "C:\\Users\\Jalaj\\OneDrive\\Desktop\\project_draft\\warlock\\experiments\\ppo_baseline\\20260720_074002_pid26088_5553e7",
            "final_capital": 8434.480254082859,
            "longest_drawdown": 1860,
            "max_drawdown": 0.16760005972342185,
            "minimum_capital": 8434.480254082859,
            "number_of_closing_trades": 374,
            "number_of_trades": 823,
            "peak_capital": 10132.725683858613,
            "profit_factor": 0.6565272284776963,
            "seed": 44,
            "sharpe_ratio": -5.104595293717639,
            "sortino_ratio": -0.06831062878846868,
            "total_return": -0.1563015543689562,
            "win_rate": 0.3850267379679144
        },
        {
            "annualized_return": -0.25548376529284955,
            "annualized_volatility": 0.09957331739703162,
            "average_drawdown": 0.07941351964141861,
            "average_loss": 8.071653623873535,
            "average_win": 7.2506045409928275,
            "breaker_hit": true,
            "cagr": -0.25548376529284955,
            "calmar_ratio": -1.5281241710460292,
            "expectancy": -1.1891336451757217,
            "experiment_dir": "C:\\Users\\Jalaj\\OneDrive\\Desktop\\project_draft\\warlock\\experiments\\ppo_baseline\\20260720_082035_pid26088_5551b3",
            "final_capital": 8420.85380371826,
            "longest_drawdown": 3485,
            "max_drawdown": 0.16718783076244792,
            "minimum_capital": 8420.85380371826,
            "number_of_closing_trades": 797,
            "number_of_trades": 1827,
            "peak_capital": 10111.348170413548,
            "profit_factor": 0.7325380840012492,
            "seed": 53,
            "sharpe_ratio": -2.9130123744505663,
            "sortino_ratio": -0.04299456918209655,
            "total_return": -0.1578135929054958,
            "win_rate": 0.4491844416562108
        },
        {
            "annualized_return": 0.023057595036788836,
            "annualized_volatility": 0.19438033956778605,
            "average_drawdown": 0.048300877867540885,
            "average_loss": 16.432910021538085,
            "average_win": 21.09723524644933,
            "breaker_hit": false,
            "cagr": 0.023057595036788836,
            "calmar_ratio": 0.21100833273537065,
            "expectancy": 2.0295001506170145,
            "experiment_dir": "C:\\Users\\Jalaj\\OneDrive\\Desktop\\project_draft\\warlock\\experiments\\ppo_baseline\\20260720_084957_pid26088_5fc459",
            "final_capital": 10157.744570758769,
            "longest_drawdown": 1342,
            "max_drawdown": 0.10927338621127243,
            "minimum_capital": 9018.673181386324,
            "number_of_closing_trades": 496,
            "number_of_trades": 1299,
            "peak_capital": 11402.01387551406,
            "profit_factor": 1.2430836485922707,
            "seed": 7,
            "sharpe_ratio": 0.21403721248496557,
            "sortino_ratio": 0.0033985004453188222,
            "total_return": 0.016140193680071135,
            "win_rate": 0.49193548387096775
        }
    ],
    "pruned": false,
    "seeds": [
        44,
        53,
        7
    ],
    "sharpe_ratio": {
        "max": 0.21403721248496557,
        "mean": -2.6011901518944134,
        "median": -2.9130123744505663,
        "min": -5.104595293717639,
        "std": 2.1824890618845636
    },
    "timesteps": null,
    "total_return": {
        "max": 0.016140193680071135,
        "mean": -0.09932498453146028,
        "median": -0.1563015543689562,
        "min": -0.1578135929054958,
        "std": 0.08164854397436012
    }
}