{
    "breaker_rate": 0.6666666666666666,
    "group_name": "optuna_trial_0019",
    "overrides": {
        "env.max_drawdown": 0.1942804272903128,
        "portfolio.short.leverage": 4.851134291466388,
        "portfolio.short.maintenance_margin_ratio": 0.06175492517768014,
        "ppo.batch_size": 32,
        "ppo.clip_range": 0.19898111128221793,
        "ppo.ent_coef": 0.013672279908768183,
        "ppo.gae_lambda": 0.9485239817420271,
        "ppo.gamma": 0.9605146322933459,
        "ppo.learning_rate": 0.00021508736841842417,
        "ppo.n_steps": 4096,
        "ppo.vf_coef": 0.5029923877192188,
        "reward.drawdown_penalty_scale": 0.05885704800892103,
        "reward.overtrade_penalty_scale": 0.006419110325977327,
        "reward.sharpe_weight": 0.1419834779507545
    },
    "per_seed": [
        {
            "annualized_return": -0.5653625588547568,
            "annualized_volatility": 0.31882006211046093,
            "average_drawdown": 0.08349290491565708,
            "average_loss": 94.01967244673557,
            "average_win": 128.6051259947411,
            "breaker_hit": true,
            "cagr": -0.5653625588547568,
            "calmar_ratio": -2.8002994802886927,
            "expectancy": -15.114680594060303,
            "experiment_dir": "/teamspace/studios/this_studio/warlock/experiments/ppo_baseline/20260719_235314",
            "final_capital": 8409.347667176899,
            "longest_drawdown": 828,
            "max_drawdown": 0.2018936056069516,
            "minimum_capital": 8409.347667176899,
            "number_of_closing_trades": 79,
            "number_of_trades": 398,
            "peak_capital": 10536.62484883625,
            "profit_factor": 0.7509783219065185,
            "seed": 77,
            "sharpe_ratio": -2.4538129757944858,
            "sortino_ratio": -0.04001772759950833,
            "total_return": -0.1588970547273859,
            "win_rate": 0.35443037974683544
        },
        {
            "annualized_return": -0.13002905785462981,
            "annualized_volatility": 0.0533452052308779,
            "average_drawdown": 0.06854664516741281,
            "average_loss": 22.314025984252822,
            "average_win": 11.10762780029451,
            "breaker_hit": false,
            "cagr": -0.13002905785462981,
            "calmar_ratio": -1.3761481878439903,
            "expectancy": -8.593557588491286,
            "experiment_dir": "/teamspace/studios/this_studio/warlock/experiments/ppo_baseline/20260719_235412",
            "final_capital": 9067.95354535609,
            "longest_drawdown": 3867,
            "max_drawdown": 0.09448768599430137,
            "minimum_capital": 9062.106674122257,
            "number_of_closing_trades": 95,
            "number_of_trades": 308,
            "peak_capital": 10007.712246379486,
            "profit_factor": 0.3466729565690437,
            "seed": 123,
            "sharpe_ratio": -2.58447814546334,
            "sortino_ratio": -0.027083549482342106,
            "total_return": -0.09320464546439111,
            "win_rate": 0.4105263157894737
        },
        {
            "annualized_return": -0.5439922638385177,
            "annualized_volatility": 0.283709114729333,
            "average_drawdown": 0.07566610475700743,
            "average_loss": 38.08213292731208,
            "average_win": 36.82945344375521,
            "breaker_hit": true,
            "cagr": -0.5439922638385177,
            "calmar_ratio": -2.686494838516045,
            "expectancy": -5.331841398252511,
            "experiment_dir": "/teamspace/studios/this_studio/warlock/experiments/ppo_baseline/20260719_235932",
            "final_capital": 8486.311360856384,
            "longest_drawdown": 870,
            "max_drawdown": 0.20249146063463344,
            "minimum_capital": 8486.311360856384,
            "number_of_closing_trades": 199,
            "number_of_trades": 693,
            "peak_capital": 10641.02883162798,
            "profit_factor": 0.7512340066315479,
            "seed": 73,
            "sharpe_ratio": -2.625578921105397,
            "sortino_ratio": -0.04000837899439597,
            "total_return": -0.15124297231633355,
            "win_rate": 0.4371859296482412
        }
    ],
    "seeds": [
        77,
        123,
        73
    ],
    "sharpe_ratio": {
        "max": -2.4538129757944858,
        "mean": -2.5546233474544073,
        "median": -2.58447814546334,
        "min": -2.625578921105397,
        "std": 0.07323189976712488
    },
    "timesteps": null,
    "total_return": {
        "max": -0.09320464546439111,
        "mean": -0.1344482241693702,
        "median": -0.15124297231633355,
        "min": -0.1588970547273859,
        "std": 0.029330539632314395
    }
}