{
    "breaker_rate": 1.0,
    "group_name": "optuna_trial_0008",
    "overrides": {
        "env.max_drawdown": 0.22787778139280135,
        "portfolio.short.leverage": 3.0023426798014716,
        "portfolio.short.maintenance_margin_ratio": 0.04334521740331952,
        "ppo.batch_size": 32,
        "ppo.clip_range": 0.1191598453087857,
        "ppo.ent_coef": 0.017958142983181734,
        "ppo.gae_lambda": 0.9562814070552377,
        "ppo.gamma": 0.9532923976934529,
        "ppo.learning_rate": 5.168283089532755e-05,
        "ppo.n_steps": 1024,
        "ppo.vf_coef": 0.35262313228413233,
        "reward.drawdown_penalty_scale": 0.4717374701902508,
        "reward.overtrade_penalty_scale": 0.011630921009363781,
        "reward.sharpe_weight": 0.13629618684027556
    },
    "per_seed": [
        {
            "annualized_return": -0.6323776738277801,
            "annualized_volatility": 0.30725217265452065,
            "average_drawdown": 0.091977491929673,
            "average_loss": 64.3060702899052,
            "average_win": 60.90436798987068,
            "breaker_hit": true,
            "cagr": -0.63237767382778,
            "calmar_ratio": -2.708249101192255,
            "expectancy": -11.216844459280232,
            "experiment_dir": "/teamspace/studios/this_studio/warlock/experiments/ppo_baseline/20260719_221326",
            "final_capital": 8081.715665598781,
            "longest_drawdown": 858,
            "max_drawdown": 0.23350055707556144,
            "minimum_capital": 8081.715665598781,
            "number_of_closing_trades": 125,
            "number_of_trades": 476,
            "peak_capital": 10543.66802246388,
            "profit_factor": 0.6971718500357735,
            "seed": 77,
            "sharpe_ratio": -3.102899053246512,
            "sortino_ratio": -0.05013191222899641,
            "total_return": -0.19166680719802298,
            "win_rate": 0.424
        },
        {
            "annualized_return": -0.3726780899651614,
            "annualized_volatility": 0.12630484918979748,
            "average_drawdown": 0.09611605500299597,
            "average_loss": 11.860562159384255,
            "average_win": 10.883320137936881,
            "breaker_hit": true,
            "cagr": -0.3726780899651614,
            "calmar_ratio": -1.6349448660565236,
            "expectancy": -1.6510861059201005,
            "experiment_dir": "/teamspace/studios/this_studio/warlock/experiments/ppo_baseline/20260719_221527",
            "final_capital": 7810.88916773053,
            "longest_drawdown": 3168,
            "max_drawdown": 0.22794535626394458,
            "minimum_capital": 7810.88916773053,
            "number_of_closing_trades": 675,
            "number_of_trades": 1483,
            "peak_capital": 10117.015979507354,
            "profit_factor": 0.7474046904899304,
            "seed": 123,
            "sharpe_ratio": -3.6286885172455174,
            "sortino_ratio": -0.05428913133618653,
            "total_return": -0.218879279562602,
            "win_rate": 0.4488888888888889
        },
        {
            "annualized_return": -0.5222575617990413,
            "annualized_volatility": 0.19871159844533606,
            "average_drawdown": 0.09869747986505804,
            "average_loss": 12.957154061316979,
            "average_win": 14.03504993419254,
            "breaker_hit": true,
            "cagr": -0.5222575617990413,
            "calmar_ratio": -2.282920994799982,
            "expectancy": -1.024430309165016,
            "experiment_dir": "/teamspace/studios/this_studio/warlock/experiments/ppo_baseline/20260719_221716",
            "final_capital": 7738.935909495502,
            "longest_drawdown": 2076,
            "max_drawdown": 0.22876725168704268,
            "minimum_capital": 7738.935909495502,
            "number_of_closing_trades": 846,
            "number_of_trades": 1853,
            "peak_capital": 10034.50116248841,
            "profit_factor": 0.858289783674933,
            "seed": 73,
            "sharpe_ratio": -3.6181966502683514,
            "sortino_ratio": -0.06311145488706409,
            "total_return": -0.22595163806113872,
            "win_rate": 0.44208037825059104
        }
    ],
    "seeds": [
        77,
        123,
        73
    ],
    "sharpe_ratio": {
        "max": -3.102899053246512,
        "mean": -3.4499280735867934,
        "median": -3.6181966502683514,
        "min": -3.6286885172455174,
        "std": 0.24542395364880795
    },
    "timesteps": null,
    "total_return": {
        "max": -0.19166680719802298,
        "mean": -0.21216590827392123,
        "median": -0.218879279562602,
        "min": -0.22595163806113872,
        "std": 0.01477981556882845
    }
}