{
    "breaker_rate": 0.0,
    "group_name": "optuna_trial_0011",
    "overrides": {
        "env.max_drawdown": 0.3150619921454213,
        "portfolio.short.leverage": 3.0757257957317936,
        "portfolio.short.maintenance_margin_ratio": 0.08631798438190759,
        "ppo.batch_size": 32,
        "ppo.clip_range": 0.16470939775593033,
        "ppo.ent_coef": 0.005164734151115125,
        "ppo.gae_lambda": 0.923809747414949,
        "ppo.gamma": 0.9856904664466014,
        "ppo.learning_rate": 1.8969170346389596e-05,
        "ppo.vf_coef": 0.715923110069753,
        "reward.drawdown_penalty_scale": 0.07793322133443006,
        "reward.overtrade_penalty_scale": 0.0019048172662592942,
        "reward.sharpe_weight": 0.020092184302986926
    },
    "per_seed": [
        {
            "annualized_return": -0.13539765977690843,
            "annualized_volatility": 0.06483464002204799,
            "average_drawdown": 0.0326000924261637,
            "average_loss": 5.725966862834402,
            "average_win": 6.166699588262494,
            "breaker_hit": false,
            "cagr": -0.13539765977690854,
            "calmar_ratio": -1.2274676732373948,
            "expectancy": -0.5998175304650508,
            "experiment_dir": "C:\\Users\\Jalaj\\OneDrive\\Desktop\\project_draft\\warlock\\experiments\\ppo_baseline\\20260720_090753_pid7956_0ce161",
            "final_capital": 9026.854528708325,
            "longest_drawdown": 4214,
            "max_drawdown": 0.11030649745732427,
            "minimum_capital": 8991.214168793973,
            "number_of_closing_trades": 638,
            "number_of_trades": 1252,
            "peak_capital": 10105.968114971924,
            "profit_factor": 0.81588703257139,
            "seed": 44,
            "sharpe_ratio": -2.2117242055917754,
            "sortino_ratio": -0.03802206264270328,
            "total_return": -0.0971386799901689,
            "win_rate": 0.43103448275862066
        },
        {
            "annualized_return": -0.34065240947167286,
            "annualized_volatility": 0.07857119037993912,
            "average_drawdown": 0.0681686695567302,
            "average_loss": 9.347086730941523,
            "average_win": 10.123681702607376,
            "breaker_hit": false,
            "cagr": -0.34065240947167297,
            "calmar_ratio": -1.3430644108111465,
            "expectancy": -2.3752954531224,
            "experiment_dir": "C:\\Users\\Jalaj\\OneDrive\\Desktop\\project_draft\\warlock\\experiments\\ppo_baseline\\20260720_091718_pid7956_39398a",
            "final_capital": 7460.931864625894,
            "longest_drawdown": 4247,
            "max_drawdown": 0.25363817753605367,
            "minimum_capital": 7460.931864625894,
            "number_of_closing_trades": 620,
            "number_of_trades": 1382,
            "peak_capital": 9996.400726922633,
            "profit_factor": 0.6041323779442843,
            "seed": 53,
            "sharpe_ratio": -5.261490535127907,
            "sortino_ratio": -0.06879850048863494,
            "total_return": -0.25363817753605367,
            "win_rate": 0.3580645161290323
        },
        {
            "annualized_return": -0.23726146883808052,
            "annualized_volatility": 0.092857187268037,
            "average_drawdown": 0.06667488972097892,
            "average_loss": 10.982845386958811,
            "average_win": 15.03440669906843,
            "breaker_hit": false,
            "cagr": -0.23726146883808052,
            "calmar_ratio": -1.1826606946139526,
            "expectancy": -0.5133361919130905,
            "experiment_dir": "C:\\Users\\Jalaj\\OneDrive\\Desktop\\project_draft\\warlock\\experiments\\ppo_baseline\\20260720_093717_pid7956_40a097",
            "final_capital": 8265.488577807735,
            "longest_drawdown": 3457,
            "max_drawdown": 0.20061668568052654,
            "minimum_capital": 8265.488577807735,
            "number_of_closing_trades": 748,
            "number_of_trades": 2091,
            "peak_capital": 10339.831254601886,
            "profit_factor": 0.9217866136751007,
            "seed": 7,
            "sharpe_ratio": -2.8707672865117617,
            "sortino_ratio": -0.055111664288863105,
            "total_return": -0.17323340214104455,
            "win_rate": 0.40240641711229946
        }
    ],
    "pruned": false,
    "seeds": [
        44,
        53,
        7
    ],
    "sharpe_ratio": {
        "max": -2.2117242055917754,
        "mean": -3.447994009077148,
        "median": -2.8707672865117617,
        "min": -5.261490535127907,
        "std": 1.3102574004435807
    },
    "timesteps": null,
    "total_return": {
        "max": -0.0971386799901689,
        "mean": -0.1746700865557557,
        "median": -0.17323340214104455,
        "min": -0.25363817753605367,
        "std": 0.06389872836298181
    }
}