{
    "breaker_rate": 0.3333333333333333,
    "group_name": "optuna_trial_0014",
    "overrides": {
        "env.max_drawdown": 0.3112355820367221,
        "portfolio.short.leverage": 2.914728374405254,
        "portfolio.short.maintenance_margin_ratio": 0.03387540999987307,
        "ppo.batch_size": 32,
        "ppo.clip_range": 0.10034977848117624,
        "ppo.ent_coef": 0.0012399291436774914,
        "ppo.gae_lambda": 0.9184142064547602,
        "ppo.gamma": 0.9732556828700551,
        "ppo.learning_rate": 0.00012420160111713987,
        "ppo.n_steps": 4096,
        "ppo.vf_coef": 0.37553632405391474,
        "reward.drawdown_penalty_scale": 0.07293684357014549,
        "reward.overtrade_penalty_scale": 0.033895788519784545,
        "reward.sharpe_weight": 0.22027980456666368
    },
    "per_seed": [
        {
            "annualized_return": -0.7075359245104409,
            "annualized_volatility": 0.2925667375851761,
            "average_drawdown": 0.13075278857089484,
            "average_loss": 54.71684328740721,
            "average_win": 40.41490027193772,
            "breaker_hit": true,
            "cagr": -0.7075359245104409,
            "calmar_ratio": -2.237185524779631,
            "expectancy": -12.704347400792955,
            "experiment_dir": "/teamspace/studios/this_studio/warlock/experiments/ppo_baseline/20260719_231132",
            "final_capital": 7038.431086939929,
            "longest_drawdown": 1299,
            "max_drawdown": 0.316261622772718,
            "minimum_capital": 7038.431086939929,
            "number_of_closing_trades": 197,
            "number_of_trades": 754,
            "peak_capital": 10294.041290299372,
            "profit_factor": 0.5841804847067318,
            "seed": 77,
            "sharpe_ratio": -4.054909129233564,
            "sortino_ratio": -0.05821778016965367,
            "total_return": -0.2960568693769243,
            "win_rate": 0.4416243654822335
        },
        {
            "annualized_return": -0.3266334102496026,
            "annualized_volatility": 0.08475125389762522,
            "average_drawdown": 0.09052742697417296,
            "average_loss": 7.742057184587137,
            "average_win": 4.704576123765876,
            "breaker_hit": false,
            "cagr": -0.3266334102496026,
            "calmar_ratio": -1.3314685525133307,
            "expectancy": -2.5898946060228023,
            "experiment_dir": "/teamspace/studios/this_studio/warlock/experiments/ppo_baseline/20260719_231237",
            "final_capital": 7574.158093579196,
            "longest_drawdown": 4227,
            "max_drawdown": 0.2453181561314662,
            "minimum_capital": 7574.158093579196,
            "number_of_closing_trades": 703,
            "number_of_trades": 1459,
            "peak_capital": 10036.226729337643,
            "profit_factor": 0.4292001828502409,
            "seed": 123,
            "sharpe_ratio": -4.623527177338759,
            "sortino_ratio": -0.05601448898300079,
            "total_return": -0.24252697719076988,
            "win_rate": 0.4139402560455192
        },
        {
            "annualized_return": -0.09007339364137612,
            "annualized_volatility": 0.03516292595489009,
            "average_drawdown": 0.02249340527229547,
            "average_loss": 5.736592745096852,
            "average_win": 5.815419084117684,
            "breaker_hit": false,
            "cagr": -0.09007339364137612,
            "calmar_ratio": -1.3879480057258264,
            "expectancy": -0.9001504592656988,
            "experiment_dir": "/teamspace/studios/this_studio/warlock/experiments/ppo_baseline/20260719_231806",
            "final_capital": 9358.187951249272,
            "longest_drawdown": 4212,
            "max_drawdown": 0.06489680684707803,
            "minimum_capital": 9358.187951249272,
            "number_of_closing_trades": 375,
            "number_of_trades": 822,
            "peak_capital": 10007.652652426439,
            "profit_factor": 0.7300795046881536,
            "seed": 73,
            "sharpe_ratio": -2.6668053182766394,
            "sortino_ratio": -0.0363594787009396,
            "total_return": -0.06414869361860154,
            "win_rate": 0.4186666666666667
        }
    ],
    "seeds": [
        77,
        123,
        73
    ],
    "sharpe_ratio": {
        "max": -2.6668053182766394,
        "mean": -3.781747208282987,
        "median": -4.054909129233564,
        "min": -4.623527177338759,
        "std": 0.8218488039073595
    },
    "timesteps": null,
    "total_return": {
        "max": -0.06414869361860154,
        "mean": -0.20091084672876525,
        "median": -0.24252697719076988,
        "min": -0.2960568693769243,
        "std": 0.09914392646337017
    }
}