{
    "breaker_rate": 1.0,
    "group_name": "optuna_trial_0001",
    "overrides": {
        "env.max_drawdown": 0.22676614717311952,
        "portfolio.short.leverage": 4.147416707430914,
        "portfolio.short.maintenance_margin_ratio": 0.07384656371643195,
        "ppo.batch_size": 128,
        "ppo.clip_range": 0.14017410259197108,
        "ppo.ent_coef": 0.03036972030194979,
        "ppo.gae_lambda": 0.932813614244852,
        "ppo.gamma": 0.9855215721176723,
        "ppo.learning_rate": 6.046479917725041e-05,
        "ppo.n_steps": 1024,
        "ppo.vf_coef": 0.6801998425986057,
        "reward.drawdown_penalty_scale": 0.10292436879823604,
        "reward.overtrade_penalty_scale": 0.0009868740964810692,
        "reward.sharpe_weight": 0.25700841572999
    },
    "per_seed": [
        {
            "annualized_return": -0.6289904770539696,
            "annualized_volatility": 0.308706675930007,
            "average_drawdown": 0.09411870795713378,
            "average_loss": 55.97330437833152,
            "average_win": 51.60746448921932,
            "breaker_hit": true,
            "cagr": -0.6289904770539696,
            "calmar_ratio": -2.7177087446580677,
            "expectancy": -9.97325148324082,
            "experiment_dir": "/teamspace/studios/this_studio/warlock/experiments/ppo_baseline/20260719_210947",
            "final_capital": 8137.415764150249,
            "longest_drawdown": 828,
            "max_drawdown": 0.23144145901959295,
            "minimum_capital": 8137.415764150249,
            "number_of_closing_trades": 145,
            "number_of_trades": 494,
            "peak_capital": 10587.8932186087,
            "profit_factor": 0.688723930540178,
            "seed": 77,
            "sharpe_ratio": -3.057093541931204,
            "sortino_ratio": -0.04858359128563526,
            "total_return": -0.18609568339653282,
            "win_rate": 0.42758620689655175
        },
        {
            "annualized_return": -0.5547562687040108,
            "annualized_volatility": 0.1729180368666713,
            "average_drawdown": 0.10006095087979831,
            "average_loss": 12.864297437179115,
            "average_win": 12.326651041569603,
            "breaker_hit": true,
            "cagr": -0.5547562687040108,
            "calmar_ratio": -2.403238558702486,
            "expectancy": -1.6464531927363266,
            "experiment_dir": "/teamspace/studios/this_studio/warlock/experiments/ppo_baseline/20260719_211036",
            "final_capital": 7770.779191031151,
            "longest_drawdown": 1220,
            "max_drawdown": 0.23083695403236415,
            "minimum_capital": 7770.779191031151,
            "number_of_closing_trades": 640,
            "number_of_trades": 1395,
            "peak_capital": 10102.902410314344,
            "profit_factor": 0.7692642246700233,
            "seed": 123,
            "sharpe_ratio": -4.592434527507062,
            "sortino_ratio": -0.06831698427493059,
            "total_return": -0.2227952789013441,
            "win_rate": 0.4453125
        },
        {
            "annualized_return": -0.6609425583811542,
            "annualized_volatility": 0.17376377011520086,
            "average_drawdown": 0.08445318633555705,
            "average_loss": 15.668144349516986,
            "average_win": 12.047659880383966,
            "breaker_hit": true,
            "cagr": -0.6609425583811542,
            "calmar_ratio": -2.8195750395619217,
            "expectancy": -3.1513295360133293,
            "experiment_dir": "/teamspace/studios/this_studio/warlock/experiments/ppo_baseline/20260719_211431",
            "final_capital": 7660.688489531448,
            "longest_drawdown": 1486,
            "max_drawdown": 0.2344121185311121,
            "minimum_capital": 7660.688489531448,
            "number_of_closing_trades": 496,
            "number_of_trades": 1121,
            "peak_capital": 10006.282328859936,
            "profit_factor": 0.6332340341719992,
            "seed": 73,
            "sharpe_ratio": -6.1368190152997695,
            "sortino_ratio": -0.0849763408473838,
            "total_return": -0.23377794492779758,
            "win_rate": 0.45161290322580644
        }
    ],
    "seeds": [
        77,
        123,
        73
    ],
    "sharpe_ratio": {
        "max": -3.057093541931204,
        "mean": -4.595449028246012,
        "median": -4.592434527507062,
        "min": -6.1368190152997695,
        "std": 1.2572944665006782
    },
    "timesteps": null,
    "total_return": {
        "max": -0.18609568339653282,
        "mean": -0.21422296907522484,
        "median": -0.2227952789013441,
        "min": -0.23377794492779758,
        "std": 0.020388115623245134
    }
}