{
    "breaker_rate": 0.6666666666666666,
    "group_name": "optuna_trial_0007",
    "overrides": {
        "env.max_drawdown": 0.16437344545059382,
        "portfolio.short.leverage": 4.500257882795925,
        "portfolio.short.maintenance_margin_ratio": 0.06764292301676253,
        "ppo.batch_size": 64,
        "ppo.clip_range": 0.18922030085122676,
        "ppo.ent_coef": 0.006742600450391825,
        "ppo.gae_lambda": 0.9732962565198273,
        "ppo.gamma": 0.9528145113307774,
        "ppo.learning_rate": 1.0915650749130648e-05,
        "ppo.n_steps": 1024,
        "ppo.vf_coef": 0.505379218819662,
        "reward.drawdown_penalty_scale": 0.13993440694199355,
        "reward.overtrade_penalty_scale": 0.00013391462015066797,
        "reward.sharpe_weight": 0.39488429243187384
    },
    "per_seed": [
        {
            "annualized_return": -0.4619775912273647,
            "annualized_volatility": 0.3022114699258883,
            "average_drawdown": 0.08019552062961809,
            "average_loss": 80.11850123315482,
            "average_win": 99.7527807028836,
            "breaker_hit": true,
            "cagr": -0.4619775912273647,
            "calmar_ratio": -2.803518332824663,
            "expectancy": -8.169988458739446,
            "experiment_dir": "/teamspace/studios/this_studio/warlock/experiments/ppo_baseline/20260719_220558",
            "final_capital": 8804.820634389927,
            "longest_drawdown": 812,
            "max_drawdown": 0.1647849367768902,
            "minimum_capital": 8804.820634389927,
            "number_of_closing_trades": 85,
            "number_of_trades": 420,
            "peak_capital": 10541.98017024737,
            "profit_factor": 0.8300436575616127,
            "seed": 77,
            "sharpe_ratio": -1.899777808481249,
            "sortino_ratio": -0.03127163456134135,
            "total_return": -0.11934267239407437,
            "win_rate": 0.4
        },
        {
            "annualized_return": -0.593381460105702,
            "annualized_volatility": 0.10298795045525264,
            "average_drawdown": 0.07053785786230353,
            "average_loss": 16.485693673605574,
            "average_win": 18.05903280217907,
            "breaker_hit": true,
            "cagr": -0.593381460105702,
            "calmar_ratio": -3.5485186966887836,
            "expectancy": -1.8387296478728876,
            "experiment_dir": "/teamspace/studios/this_studio/warlock/experiments/ppo_baseline/20260719_220708",
            "final_capital": 8332.656783644266,
            "longest_drawdown": 1214,
            "max_drawdown": 0.1672194825010791,
            "minimum_capital": 8332.656783644266,
            "number_of_closing_trades": 375,
            "number_of_trades": 997,
            "peak_capital": 10005.825795096202,
            "profit_factor": 0.8063630784846819,
            "seed": 123,
            "sharpe_ratio": -8.685569434041527,
            "sortino_ratio": -0.1506585161837264,
            "total_return": -0.1664974581600318,
            "win_rate": 0.424
        },
        {
            "annualized_return": -0.15337570766146702,
            "annualized_volatility": 0.07184788855468564,
            "average_drawdown": 0.022106381615373347,
            "average_loss": 8.04816648286654,
            "average_win": 11.11487999369595,
            "breaker_hit": false,
            "cagr": -0.15337570766146713,
            "calmar_ratio": -1.2619961618612185,
            "expectancy": -0.45123491754777856,
            "experiment_dir": "/teamspace/studios/this_studio/warlock/experiments/ppo_baseline/20260719_220914",
            "final_capital": 8894.329286332024,
            "longest_drawdown": 4247,
            "max_drawdown": 0.12153421087688991,
            "minimum_capital": 8782.673014486394,
            "number_of_closing_trades": 449,
            "number_of_trades": 1048,
            "peak_capital": 9997.740519017038,
            "profit_factor": 0.9071070409000715,
            "seed": 73,
            "sharpe_ratio": -2.2814210558313155,
            "sortino_ratio": -0.03142210147430931,
            "total_return": -0.11036606026993578,
            "win_rate": 0.39643652561247217
        }
    ],
    "seeds": [
        77,
        123,
        73
    ],
    "sharpe_ratio": {
        "max": -1.899777808481249,
        "mean": -4.288922766118031,
        "median": -2.2814210558313155,
        "min": -8.685569434041527,
        "std": 3.1128003827190787
    },
    "timesteps": null,
    "total_return": {
        "max": -0.11036606026993578,
        "mean": -0.13206873027468066,
        "median": -0.11934267239407437,
        "min": -0.1664974581600318,
        "std": 0.02461906942676043
    }
}