{
    "breaker_rate": 1.0,
    "group_name": "optuna_trial_0013",
    "overrides": {
        "env.max_drawdown": 0.1598837810027156,
        "portfolio.short.leverage": 2.711219968429227,
        "portfolio.short.maintenance_margin_ratio": 0.034453496101552884,
        "ppo.batch_size": 32,
        "ppo.clip_range": 0.1444714389961024,
        "ppo.ent_coef": 0.00011687592255052498,
        "ppo.gae_lambda": 0.9752978937569557,
        "ppo.gamma": 0.9976515873354945,
        "ppo.learning_rate": 1.9480451188465214e-05,
        "ppo.vf_coef": 0.7742410475054375,
        "reward.drawdown_penalty_scale": 0.47069175768218935,
        "reward.overtrade_penalty_scale": 0.00011825397719141342,
        "reward.sharpe_weight": 0.33879227976844617
    },
    "per_seed": [
        {
            "annualized_return": -0.4516025978834045,
            "annualized_volatility": 0.13875226377901412,
            "average_drawdown": 0.08185822411947773,
            "average_loss": 9.981131632891207,
            "average_win": 6.274693944838811,
            "breaker_hit": true,
            "cagr": -0.4516025978834045,
            "calmar_ratio": -2.8171413362521243,
            "expectancy": -2.189877953624157,
            "experiment_dir": "C:\\Users\\Jalaj\\OneDrive\\Desktop\\project_draft\\warlock\\experiments\\ppo_baseline\\20260720_092317_pid26088_0cd00b",
            "final_capital": 8455.394231003775,
            "longest_drawdown": 1526,
            "max_drawdown": 0.16030526834844883,
            "minimum_capital": 8455.394231003775,
            "number_of_closing_trades": 507,
            "number_of_trades": 1090,
            "peak_capital": 10069.604955569159,
            "profit_factor": 0.5786488722211154,
            "seed": 44,
            "sharpe_ratio": -4.260026619991093,
            "sortino_ratio": -0.059284522131068836,
            "total_return": -0.154368046755608,
            "win_rate": 0.47928994082840237
        }
    ],
    "pruned": true,
    "seeds": [
        44,
        53,
        7
    ],
    "sharpe_ratio": {
        "max": -4.260026619991093,
        "mean": -4.260026619991093,
        "median": -4.260026619991093,
        "min": -4.260026619991093,
        "std": 0.0
    },
    "timesteps": null,
    "total_return": {
        "max": -0.154368046755608,
        "mean": -0.154368046755608,
        "median": -0.154368046755608,
        "min": -0.154368046755608,
        "std": 0.0
    }
}