{
    "breaker_rate": 0.3333333333333333,
    "group_name": "optuna_trial_0009",
    "overrides": {
        "env.max_drawdown": 0.35478155029575525,
        "portfolio.short.leverage": 3.4160452667976657,
        "portfolio.short.maintenance_margin_ratio": 0.07253721944587428,
        "ppo.batch_size": 64,
        "ppo.clip_range": 0.2510710299048148,
        "ppo.ent_coef": 0.023557701280237358,
        "ppo.gae_lambda": 0.9412378526849656,
        "ppo.gamma": 0.9912049695623676,
        "ppo.learning_rate": 2.6181668843162064e-05,
        "ppo.vf_coef": 0.58105733875698,
        "reward.drawdown_penalty_scale": 0.36514354068499894,
        "reward.overtrade_penalty_scale": 0.004715132674678729,
        "reward.sharpe_weight": 0.1476832682775821
    },
    "per_seed": [
        {
            "annualized_return": -0.3438905376915916,
            "annualized_volatility": 0.11228739166897216,
            "average_drawdown": 0.17672253543346142,
            "average_loss": 8.323120161858842,
            "average_win": 7.348023242831347,
            "breaker_hit": false,
            "cagr": -0.3438905376915917,
            "calmar_ratio": -1.266779104272408,
            "expectancy": -2.080144333974132,
            "experiment_dir": "C:\\Users\\Jalaj\\OneDrive\\Desktop\\project_draft\\warlock\\experiments\\ppo_baseline\\20260720_085627_pid26088_7b6fe9",
            "final_capital": 7437.304524765404,
            "longest_drawdown": 3960,
            "max_drawdown": 0.27146843244553664,
            "minimum_capital": 7395.548980374135,
            "number_of_closing_trades": 861,
            "number_of_trades": 1838,
            "peak_capital": 10151.308892762921,
            "profit_factor": 0.5845864127239,
            "seed": 44,
            "sharpe_ratio": -3.6967773359847182,
            "sortino_ratio": -0.05014580516580132,
            "total_return": -0.2562146156242324,
            "win_rate": 0.3983739837398374
        },
        {
            "annualized_return": -0.3782254607834379,
            "annualized_volatility": 0.10165649256901134,
            "average_drawdown": 0.18514971804562558,
            "average_loss": 9.14895403478068,
            "average_win": 5.308024182882651,
            "breaker_hit": false,
            "cagr": -0.3782254607834379,
            "calmar_ratio": -1.3293945335727544,
            "expectancy": -2.9672133488126167,
            "experiment_dir": "C:\\Users\\Jalaj\\OneDrive\\Desktop\\project_draft\\warlock\\experiments\\ppo_baseline\\20260720_090646_pid26088_411924",
            "final_capital": 7160.610384297156,
            "longest_drawdown": 4247,
            "max_drawdown": 0.2845095652431751,
            "minimum_capital": 7153.229719717295,
            "number_of_closing_trades": 732,
            "number_of_trades": 1573,
            "peak_capital": 9997.659468569243,
            "profit_factor": 0.4334028488663951,
            "seed": 53,
            "sharpe_ratio": -4.622768812734484,
            "sortino_ratio": -0.05319515923715906,
            "total_return": -0.2837713259979733,
            "win_rate": 0.4275956284153005
        },
        {
            "annualized_return": -0.5276989883656897,
            "annualized_volatility": 0.12807931840657996,
            "average_drawdown": 0.12022846635905798,
            "average_loss": 13.923664937369393,
            "average_win": 17.033753623753096,
            "breaker_hit": true,
            "cagr": -0.5276989883656897,
            "calmar_ratio": -1.4806753636492826,
            "expectancy": -1.4389032932803412,
            "experiment_dir": "C:\\Users\\Jalaj\\OneDrive\\Desktop\\project_draft\\warlock\\experiments\\ppo_baseline\\20260720_091732_pid26088_632370",
            "final_capital": 6551.223944286889,
            "longest_drawdown": 2616,
            "max_drawdown": 0.3563907398750251,
            "minimum_capital": 6551.223944286889,
            "number_of_closing_trades": 1034,
            "number_of_trades": 2775,
            "peak_capital": 10178.883913222106,
            "profit_factor": 0.8268137464134998,
            "seed": 7,
            "sharpe_ratio": -5.793027540896326,
            "sortino_ratio": -0.10794884380406859,
            "total_return": -0.34464172423151085,
            "win_rate": 0.4032882011605416
        }
    ],
    "pruned": false,
    "seeds": [
        44,
        53,
        7
    ],
    "sharpe_ratio": {
        "max": -3.6967773359847182,
        "mean": -4.704191229871843,
        "median": -4.622768812734484,
        "min": -5.793027540896326,
        "std": 0.8577250678033365
    },
    "timesteps": null,
    "total_return": {
        "max": -0.2562146156242324,
        "mean": -0.29487588861790553,
        "median": -0.2837713259979733,
        "min": -0.34464172423151085,
        "std": 0.0369442992209971
    }
}