{
    "breaker_rate": 0.0,
    "group_name": "optuna_trial_0019",
    "overrides": {
        "env.max_drawdown": 0.2513182818958029,
        "portfolio.short.leverage": 3.145812087260065,
        "portfolio.short.maintenance_margin_ratio": 0.09689807850814144,
        "ppo.batch_size": 32,
        "ppo.clip_range": 0.11506381318423622,
        "ppo.ent_coef": 0.006123227900904702,
        "ppo.gae_lambda": 0.9379653675464885,
        "ppo.gamma": 0.9516081831666424,
        "ppo.learning_rate": 1.2206637672819485e-05,
        "ppo.vf_coef": 0.6394323518775483,
        "reward.drawdown_penalty_scale": 0.09273111416087962,
        "reward.overtrade_penalty_scale": 0.00012346745819563545,
        "reward.sharpe_weight": 0.21193880235762816
    },
    "per_seed": [
        {
            "annualized_return": -0.03324554255811418,
            "annualized_volatility": 0.047988983836360334,
            "average_drawdown": 0.023540824640204724,
            "average_loss": 3.517141269523811,
            "average_win": 6.007997240782378,
            "breaker_hit": false,
            "cagr": -0.03324554255811418,
            "calmar_ratio": -0.6278599773461655,
            "expectancy": 0.4242953554304738,
            "experiment_dir": "C:\\Users\\Jalaj\\OneDrive\\Desktop\\project_draft\\warlock\\experiments\\ppo_baseline\\20260720_102320_pid13444_5e5601",
            "final_capital": 9764.954063945503,
            "longest_drawdown": 3685,
            "max_drawdown": 0.052950568212097586,
            "minimum_capital": 9549.029519034984,
            "number_of_closing_trades": 812,
            "number_of_trades": 1662,
            "peak_capital": 10082.926190038144,
            "profit_factor": 1.2057915516602906,
            "seed": 44,
            "sharpe_ratio": -0.6806060378963408,
            "sortino_ratio": -0.012071932092054271,
            "total_return": -0.023468253000618944,
            "win_rate": 0.41379310344827586
        },
        {
            "annualized_return": -0.22233418939735183,
            "annualized_volatility": 0.07440934652424641,
            "average_drawdown": 0.12242522801484314,
            "average_loss": 8.04409042451981,
            "average_win": 6.928516147063457,
            "breaker_hit": false,
            "cagr": -0.22233418939735183,
            "calmar_ratio": -1.3082269155439155,
            "expectancy": -2.246426977628545,
            "experiment_dir": "C:\\Users\\Jalaj\\OneDrive\\Desktop\\project_draft\\warlock\\experiments\\ppo_baseline\\20260720_110708_pid13444_51a44c",
            "final_capital": 8379.907771551467,
            "longest_drawdown": 4247,
            "max_drawdown": 0.16995078358016583,
            "minimum_capital": 8299.424819699323,
            "number_of_closing_trades": 532,
            "number_of_trades": 1215,
            "peak_capital": 9998.714119021011,
            "profit_factor": 0.5442681365010836,
            "seed": 53,
            "sharpe_ratio": -3.342102270142777,
            "sortino_ratio": -0.04376304775618604,
            "total_return": -0.16190145334688744,
            "win_rate": 0.38721804511278196
        },
        {
            "annualized_return": -0.1309263453756162,
            "annualized_volatility": 0.08348446558886782,
            "average_drawdown": 0.07670465558977166,
            "average_loss": 9.65496336141141,
            "average_win": 14.269775350020723,
            "breaker_hit": false,
            "cagr": -0.1309263453756162,
            "calmar_ratio": -1.0656053400005447,
            "expectancy": -0.01911913307044344,
            "experiment_dir": "C:\\Users\\Jalaj\\OneDrive\\Desktop\\project_draft\\warlock\\experiments\\ppo_baseline\\20260720_111812_pid13444_3ccdcb",
            "final_capital": 9058.836228627428,
            "longest_drawdown": 3679,
            "max_drawdown": 0.12286569939256242,
            "minimum_capital": 8924.609132533358,
            "number_of_closing_trades": 653,
            "number_of_trades": 1648,
            "peak_capital": 10174.735073469184,
            "profit_factor": 0.9966843693921816,
            "seed": 7,
            "sharpe_ratio": -1.6397458952416135,
            "sortino_ratio": -0.033925472545293205,
            "total_return": -0.09386166090191395,
            "win_rate": 0.40275650842266464
        }
    ],
    "pruned": false,
    "seeds": [
        44,
        53,
        7
    ],
    "sharpe_ratio": {
        "max": -0.6806060378963408,
        "mean": -1.8874847344269103,
        "median": -1.6397458952416135,
        "min": -3.342102270142777,
        "std": 1.1005821029183156
    },
    "timesteps": null,
    "total_return": {
        "max": -0.023468253000618944,
        "mean": -0.09307712241647344,
        "median": -0.09386166090191395,
        "min": -0.16190145334688744,
        "std": 0.05651784004485593
    }
}