{
    "breaker_rate": 0.3333333333333333,
    "group_name": "optuna_trial_0006",
    "overrides": {
        "env.max_drawdown": 0.3953044255761479,
        "portfolio.short.leverage": 2.73920672986454,
        "portfolio.short.maintenance_margin_ratio": 0.0827059413429344,
        "ppo.batch_size": 128,
        "ppo.clip_range": 0.16700430333698296,
        "ppo.ent_coef": 0.0017056789596155857,
        "ppo.gae_lambda": 0.9603385060152176,
        "ppo.gamma": 0.9918176716611478,
        "ppo.learning_rate": 0.0001880755518250131,
        "ppo.vf_coef": 0.3075460442457185,
        "reward.drawdown_penalty_scale": 0.06127184350490515,
        "reward.overtrade_penalty_scale": 0.00038828771726459875,
        "reward.sharpe_weight": 0.09649605013208667
    },
    "per_seed": [
        {
            "annualized_return": -0.3197526185579622,
            "annualized_volatility": 0.1471850137212199,
            "average_drawdown": 0.1657073781391298,
            "average_loss": 9.071370080762906,
            "average_win": 8.065952979350277,
            "breaker_hit": false,
            "cagr": -0.31975261855796233,
            "calmar_ratio": -1.1454403881489448,
            "expectancy": -1.043074593142316,
            "experiment_dir": "C:\\Users\\Jalaj\\OneDrive\\Desktop\\project_draft\\warlock\\experiments\\ppo_baseline\\20260720_074002_pid7956_a5700f",
            "final_capital": 7628.509377789294,
            "longest_drawdown": 3960,
            "max_drawdown": 0.27915256164023433,
            "minimum_capital": 7264.4306479099005,
            "number_of_closing_trades": 1221,
            "number_of_trades": 2798,
            "peak_capital": 10077.625668531982,
            "profit_factor": 0.7836716442976501,
            "seed": 44,
            "sharpe_ratio": -2.5443405897928315,
            "sortino_ratio": -0.04002753497221173,
            "total_return": -0.23709861579605807,
            "win_rate": 0.46846846846846846
        },
        {
            "annualized_return": -0.5496871923310722,
            "annualized_volatility": 0.21267379487090507,
            "average_drawdown": 0.22797673969633847,
            "average_loss": 12.080056523629654,
            "average_win": 10.511385902901354,
            "breaker_hit": true,
            "cagr": -0.5496871923310722,
            "calmar_ratio": -1.3786229824339198,
            "expectancy": -1.892754395710802,
            "experiment_dir": "C:\\Users\\Jalaj\\OneDrive\\Desktop\\project_draft\\warlock\\experiments\\ppo_baseline\\20260720_084801_pid7956_0926de",
            "final_capital": 6023.743619271443,
            "longest_drawdown": 3831,
            "max_drawdown": 0.39872191261501755,
            "minimum_capital": 6023.743619271443,
            "number_of_closing_trades": 1335,
            "number_of_trades": 3046,
            "peak_capital": 10018.232404691973,
            "profit_factor": 0.714633763198593,
            "seed": 53,
            "sharpe_ratio": -3.6448745506652727,
            "sortino_ratio": -0.05798571593300938,
            "total_return": -0.39750729952424424,
            "win_rate": 0.450936329588015
        },
        {
            "annualized_return": -0.2854105369358113,
            "annualized_volatility": 0.14595176994510323,
            "average_drawdown": 0.07354591282933538,
            "average_loss": 12.348859611918469,
            "average_win": 16.99942031792614,
            "breaker_hit": false,
            "cagr": -0.2854105369358113,
            "calmar_ratio": -1.0564725402976525,
            "expectancy": -0.5195419622111119,
            "experiment_dir": "C:\\Users\\Jalaj\\OneDrive\\Desktop\\project_draft\\warlock\\experiments\\ppo_baseline\\20260720_085811_pid7956_ccd934",
            "final_capital": 7896.750007570967,
            "longest_drawdown": 3124,
            "max_drawdown": 0.27015424069176397,
            "minimum_capital": 7896.750007570967,
            "number_of_closing_trades": 913,
            "number_of_trades": 2216,
            "peak_capital": 10819.751854221475,
            "profit_factor": 0.9295196499874285,
            "seed": 7,
            "sharpe_ratio": -2.2298036896014275,
            "sortino_ratio": -0.037085528718342295,
            "total_return": -0.21024544147000113,
            "win_rate": 0.40306681270536693
        }
    ],
    "pruned": false,
    "seeds": [
        44,
        53,
        7
    ],
    "sharpe_ratio": {
        "max": -2.2298036896014275,
        "mean": -2.806339610019844,
        "median": -2.5443405897928315,
        "min": -3.6448745506652727,
        "std": 0.6066789378289689
    },
    "timesteps": null,
    "total_return": {
        "max": -0.21024544147000113,
        "mean": -0.28161711893010116,
        "median": -0.23709861579605807,
        "min": -0.39750729952424424,
        "std": 0.0826767751002006
    }
}