{
    "breaker_rate": 0.3333333333333333,
    "group_name": "optuna_trial_0009",
    "overrides": {
        "env.max_drawdown": 0.27324265427297445,
        "portfolio.short.leverage": 3.595215246598753,
        "portfolio.short.maintenance_margin_ratio": 0.06611710379451156,
        "ppo.batch_size": 64,
        "ppo.clip_range": 0.11643372834923865,
        "ppo.ent_coef": 0.04986601461800724,
        "ppo.gae_lambda": 0.9386830689505024,
        "ppo.gamma": 0.9634192626909587,
        "ppo.learning_rate": 4.262766464135531e-05,
        "ppo.n_steps": 4096,
        "ppo.vf_coef": 0.4444377273583065,
        "reward.drawdown_penalty_scale": 0.173224407359898,
        "reward.overtrade_penalty_scale": 0.0005840704638056679,
        "reward.sharpe_weight": 0.4222325859284679
    },
    "per_seed": [
        {
            "annualized_return": -0.6555011708506049,
            "annualized_volatility": 0.3308489352383834,
            "average_drawdown": 0.11123362911854484,
            "average_loss": 71.62199583398547,
            "average_win": 64.25379420227439,
            "breaker_hit": true,
            "cagr": -0.6555011708506049,
            "calmar_ratio": -2.3963202362909835,
            "expectancy": -12.120832876930496,
            "experiment_dir": "/teamspace/studios/this_studio/warlock/experiments/ppo_baseline/20260719_221931",
            "final_capital": 7646.483114880506,
            "longest_drawdown": 1094,
            "max_drawdown": 0.2735448964305319,
            "minimum_capital": 7646.483114880506,
            "number_of_closing_trades": 153,
            "number_of_trades": 649,
            "peak_capital": 10525.747671548022,
            "profit_factor": 0.6989219990804818,
            "seed": 77,
            "sharpe_ratio": -3.0551312323449764,
            "sortino_ratio": -0.04705750293185921,
            "total_return": -0.23522848147474595,
            "win_rate": 0.43790849673202614
        },
        {
            "annualized_return": -0.1886249494752965,
            "annualized_volatility": 0.05895384265114358,
            "average_drawdown": 0.08236501838993508,
            "average_loss": 6.218986573565028,
            "average_win": 4.870998515146313,
            "breaker_hit": false,
            "cagr": -0.1886249494752965,
            "calmar_ratio": -1.3519285305042898,
            "expectancy": -1.0908516247424784,
            "experiment_dir": "/teamspace/studios/this_studio/warlock/experiments/ppo_baseline/20260719_222049",
            "final_capital": 8634.08161490761,
            "longest_drawdown": 4232,
            "max_drawdown": 0.13952287063942392,
            "minimum_capital": 8607.381568979625,
            "number_of_closing_trades": 705,
            "number_of_trades": 1416,
            "peak_capital": 10003.033520920892,
            "profit_factor": 0.6737158551145718,
            "seed": 123,
            "sharpe_ratio": -3.515987922192728,
            "sortino_ratio": -0.044795740603182824,
            "total_return": -0.13654637823289317,
            "win_rate": 0.4624113475177305
        },
        {
            "annualized_return": -0.08900046063331024,
            "annualized_volatility": 0.0895120682316051,
            "average_drawdown": 0.06922706747760786,
            "average_loss": 6.71507814365542,
            "average_win": 8.554878318784427,
            "breaker_hit": false,
            "cagr": -0.08900046063331024,
            "calmar_ratio": -0.7902385563401342,
            "expectancy": 0.21967556470123917,
            "experiment_dir": "/teamspace/studios/this_studio/warlock/experiments/ppo_baseline/20260719_222606",
            "final_capital": 9365.2124963581,
            "longest_drawdown": 3584,
            "max_drawdown": 0.11262480161117663,
            "minimum_capital": 9295.715692929829,
            "number_of_closing_trades": 905,
            "number_of_trades": 1887,
            "peak_capital": 10475.518934727656,
            "profit_factor": 1.0599311085328003,
            "seed": 73,
            "sharpe_ratio": -0.9965362692128357,
            "sortino_ratio": -0.0140099251586901,
            "total_return": -0.0633737508209119,
            "win_rate": 0.45414364640883975
        }
    ],
    "seeds": [
        77,
        123,
        73
    ],
    "sharpe_ratio": {
        "max": -0.9965362692128357,
        "mean": -2.5225518079168467,
        "median": -3.0551312323449764,
        "min": -3.515987922192728,
        "std": 1.0953355012411878
    },
    "timesteps": null,
    "total_return": {
        "max": -0.0633737508209119,
        "mean": -0.14504953684285035,
        "median": -0.13654637823289317,
        "min": -0.23522848147474595,
        "std": 0.07041656950739662
    }
}