{
    "total_return": -0.18422106333686938,
    "annualized_return": -0.25165268842512556,
    "cagr": -0.25165268842512556,
    "annualized_volatility": 0.23130748878373852,
    "sharpe_ratio": -1.1374772000212918,
    "sortino_ratio": -0.01726410736429789,
    "calmar_ratio": -0.9054878152737568,
    "max_drawdown": 0.27791946416092106,
    "average_drawdown": 0.17862511873643513,
    "longest_drawdown": 3750,
    "final_capital": 8157.789366631307,
    "peak_capital": 10420.877093529312,
    "minimum_capital": 7524.71251560883,
    "number_of_trades": 1538,
    "number_of_closing_trades": 337,
    "win_rate": 0.47477744807121663,
    "average_win": 54.85446958607671,
    "average_loss": 54.22428842348032,
    "profit_factor": 0.9144603396267186,
    "expectancy": -2.4361540569250515
}