{
    "total_return": -0.27622890412491874,
    "annualized_return": -0.4615848783679788,
    "cagr": -0.4615848783679788,
    "annualized_volatility": 0.07515354023396828,
    "sharpe_ratio": -8.200027356487926,
    "sortino_ratio": -0.10298228246690574,
    "calmar_ratio": -1.6645720042529215,
    "max_drawdown": 0.2772994362446599,
    "average_drawdown": 0.16047035975883708,
    "longest_drawdown": 3144,
    "final_capital": 7237.710958750813,
    "peak_capital": 10009.375241290656,
    "minimum_capital": 7233.7811297195,
    "number_of_trades": 2254,
    "win_rate": 0.01685891748003549,
    "average_win": 8.08709656390592,
    "average_loss": 963.7289894977824,
    "profit_factor": 0.00014402692413219336,
    "expectancy": -947.3452222970973
}