{
    "total_return": -0.09049648289131595,
    "annualized_return": -0.12632760675075405,
    "cagr": -0.12632760675075416,
    "annualized_volatility": 0.02688159992331023,
    "sharpe_ratio": -5.010373524055601,
    "sortino_ratio": -0.034729429878113685,
    "calmar_ratio": -1.3959394079709189,
    "max_drawdown": 0.09049648289131601,
    "average_drawdown": 0.04879784351628573,
    "longest_drawdown": 4195,
    "final_capital": 9095.03517108684,
    "peak_capital": 10000.0,
    "minimum_capital": 9095.03517108684,
    "number_of_trades": 651,
    "number_of_closing_trades": 319,
    "win_rate": 0.41379310344827586,
    "average_win": 5.298437367347456,
    "average_loss": 6.0777542589569915,
    "profit_factor": 0.6153709538786967,
    "expectancy": -1.370364620486186
}