{
    "total_return": -0.2687905420339993,
    "annualized_return": -0.7033639825785616,
    "cagr": -0.7033639825785616,
    "annualized_volatility": 0.3306864653174987,
    "sharpe_ratio": -3.5090609731594458,
    "sortino_ratio": -0.05425358361122166,
    "calmar_ratio": -2.307126249585825,
    "max_drawdown": 0.3048658402221506,
    "average_drawdown": 0.11782154013403014,
    "longest_drawdown": 1130,
    "final_capital": 7310.632526166093,
    "peak_capital": 10516.865591100315,
    "minimum_capital": 7310.632526166093,
    "number_of_trades": 663,
    "number_of_closing_trades": 171,
    "win_rate": 0.4093567251461988,
    "average_win": 61.779169543337865,
    "average_loss": 64.01712220866999,
    "profit_factor": 0.6688405342337634,
    "expectancy": -12.521564181532273
}