{
    "total_return": 0.018194941925157027,
    "annualized_return": 0.04499158004572279,
    "cagr": 0.04499158004572279,
    "annualized_volatility": 0.2702670682289378,
    "sharpe_ratio": 0.29811888133750886,
    "sortino_ratio": 0.004976373634334866,
    "calmar_ratio": 0.2935796994511875,
    "max_drawdown": 0.15325167281603333,
    "average_drawdown": 0.06437462923906768,
    "longest_drawdown": 1337,
    "final_capital": 10180.657105276143,
    "peak_capital": 10794.270237322973,
    "minimum_capital": 8835.07705299675,
    "number_of_trades": 853,
    "win_rate": 0.10668229777256741,
    "average_win": 85.93386495509446,
    "average_loss": 73.48159263776111,
    "profit_factor": 1.1567495770621392,
    "expectancy": -56.47478532129
}