{
    "total_return": -0.3012861857268653,
    "annualized_return": -0.8220669409391825,
    "cagr": -0.8220669409391825,
    "annualized_volatility": 0.2517641716110764,
    "sharpe_ratio": -6.72969515364788,
    "sortino_ratio": -0.09016791753711419,
    "calmar_ratio": -2.7285251693698216,
    "max_drawdown": 0.3012861857268653,
    "average_drawdown": 0.13112405225671844,
    "longest_drawdown": 1255,
    "final_capital": 6986.864890114112,
    "peak_capital": 9999.608920545646,
    "minimum_capital": 6986.864890114112,
    "number_of_trades": 852,
    "number_of_closing_trades": 324,
    "win_rate": 0.42592592592592593,
    "average_win": 14.807360623902303,
    "average_loss": 24.721241664174403,
    "profit_factor": 0.44439945285061255,
    "expectancy": -7.884985134067657
}