{
    "total_return": -0.2716875468965274,
    "annualized_return": -0.7097496928785261,
    "cagr": -0.7097496928785261,
    "annualized_volatility": 0.3431462882354478,
    "sharpe_ratio": -3.432704024555651,
    "sortino_ratio": -0.052326510993118,
    "calmar_ratio": -2.355977547503888,
    "max_drawdown": 0.3012548628192539,
    "average_drawdown": 0.12326461855423904,
    "longest_drawdown": 1157,
    "final_capital": 7281.6682701027585,
    "peak_capital": 10421.064681011429,
    "minimum_capital": 7281.6682701027585,
    "number_of_trades": 630,
    "number_of_closing_trades": 131,
    "win_rate": 0.3435114503816794,
    "average_win": 98.28800310639741,
    "average_loss": 77.47892219005145,
    "profit_factor": 0.6637904556951195,
    "expectancy": -17.10097075234001
}