{
    "total_return": -0.17923594614262206,
    "annualized_return": -0.24513348382591893,
    "cagr": -0.24513348382591893,
    "annualized_volatility": 0.15590839110350083,
    "sharpe_ratio": -1.7259514682500188,
    "sortino_ratio": -0.02612102770143606,
    "calmar_ratio": -1.142545978236377,
    "max_drawdown": 0.21455021372908303,
    "average_drawdown": 0.13580194801499623,
    "longest_drawdown": 3810,
    "final_capital": 8207.64053857378,
    "peak_capital": 10037.723456752863,
    "minimum_capital": 7884.127743753106,
    "number_of_trades": 2644,
    "number_of_closing_trades": 1098,
    "win_rate": 0.5009107468123861,
    "average_win": 9.89367517618171,
    "average_loss": 11.298683294303437,
    "profit_factor": 0.8788443061105012,
    "expectancy": -0.6832031861369261
}