{
    "total_return": -0.2725178264979342,
    "annualized_return": -0.7128938160890576,
    "cagr": -0.7128938160890577,
    "annualized_volatility": 0.2808914487768508,
    "sharpe_ratio": -4.3006898620120415,
    "sortino_ratio": -0.059508092069285,
    "calmar_ratio": -2.363734495828828,
    "max_drawdown": 0.3015964006732008,
    "average_drawdown": 0.16623863541750344,
    "longest_drawdown": 1418,
    "final_capital": 7274.449538758557,
    "peak_capital": 10415.824812143721,
    "minimum_capital": 7274.449538758557,
    "number_of_trades": 988,
    "win_rate": 0.23582995951417005,
    "average_win": 130.98593863664453,
    "average_loss": 1364.6899252132603,
    "profit_factor": 0.02973916507776157,
    "expectancy": -1011.9647467952159
}