{
    "total_return": -0.27175860992166867,
    "annualized_return": -0.5625120378554884,
    "cagr": -0.5625120378554884,
    "annualized_volatility": 0.27023970222230376,
    "sharpe_ratio": -2.923831088103072,
    "sortino_ratio": -0.04366196124462957,
    "calmar_ratio": -1.8519615010898531,
    "max_drawdown": 0.3037385159056806,
    "average_drawdown": 0.14401115924285562,
    "longest_drawdown": 1822,
    "final_capital": 7282.413900783313,
    "peak_capital": 10459.308847531765,
    "minimum_capital": 7282.413900783313,
    "number_of_trades": 1049,
    "number_of_closing_trades": 350,
    "win_rate": 0.46,
    "average_win": 28.34712564199254,
    "average_loss": 35.05520495357864,
    "profit_factor": 0.6888435399189796,
    "expectancy": -5.890132879615896
}